run_timestamp_utc,city,ticker,strike_type,threshold_f,noaa_forecast_f,model_prob_cents,market_yes_ask,market_no_ask,edge_cents,action
2026-07-14T00:40:21.400020+00:00,New York,KXHIGHNY-26JUL14-T97,greater,97,96.0,39,3,98,36,buy_yes
2026-07-14T00:40:21.400244+00:00,New York,KXHIGHNY-26JUL14-T90,less,90,96.0,4,3,98,1,none
2026-07-14T00:40:21.400340+00:00,New York,KXHIGHNY-26JUL13-T89,greater,89,96.0,98,1,,97,buy_yes
2026-07-14T00:40:21.400432+00:00,New York,KXHIGHNY-26JUL13-T82,less,82,96.0,0,1,,-1,none
2026-07-14T00:40:21.455549+00:00,Chicago,KXHIGHCHI-26JUL14-T94,less,94,87.0,98,12,89,86,buy_yes
2026-07-14T00:40:21.455654+00:00,Chicago,KXHIGHCHI-26JUL14-T101,greater,101,87.0,0,4,97,3,none
2026-07-14T00:40:21.455775+00:00,Chicago,KXHIGHCHI-26JUL13-T94,greater,94,87.0,2,1,,1,none
2026-07-14T00:40:21.455861+00:00,Chicago,KXHIGHCHI-26JUL13-T87,less,87,87.0,50,1,,49,buy_yes
2026-07-14T00:40:21.512443+00:00,Austin,KXHIGHAUS-26JUL14-T92,greater,92,87.0,8,2,,6,buy_yes
2026-07-14T00:40:21.512595+00:00,Austin,KXHIGHAUS-26JUL14-T85,less,85,87.0,28,73,30,42,buy_no
2026-07-14T00:40:21.512765+00:00,Austin,KXHIGHAUS-26JUL13-T96,greater,96,87.0,1,1,,0,none
2026-07-14T00:40:21.512889+00:00,Austin,KXHIGHAUS-26JUL13-T89,less,89,87.0,72,1,,71,buy_yes
2026-07-14T00:40:21.553318+00:00,Miami,KXHIGHMIA-26JUL14-T97,greater,97,91.0,4,1,,3,none
2026-07-14T00:40:21.553412+00:00,Miami,KXHIGHMIA-26JUL14-T90,less,90,91.0,39,1,,38,buy_yes
2026-07-14T00:40:21.553507+00:00,Miami,KXHIGHMIA-26JUL13-T97,greater,97,91.0,4,1,,3,none
2026-07-14T00:40:21.553580+00:00,Miami,KXHIGHMIA-26JUL13-T90,less,90,91.0,39,1,,38,buy_yes
2026-07-14T07:55:26.218949+00:00,New York,KXHIGHNY-26JUL14-T97,greater,97,96.0,39,2,99,37,buy_yes
2026-07-14T07:55:26.219118+00:00,New York,KXHIGHNY-26JUL14-T90,less,90,96.0,4,2,99,2,none
2026-07-14T07:55:26.317072+00:00,Chicago,KXHIGHCHI-26JUL14-T94,less,94,90.0,87,5,97,82,buy_yes
2026-07-14T07:55:26.317212+00:00,Chicago,KXHIGHCHI-26JUL14-T101,greater,101,90.0,0,2,99,1,none
2026-07-14T07:55:26.410857+00:00,Austin,KXHIGHAUS-26JUL14-T92,greater,92,87.0,8,1,,7,buy_yes
2026-07-14T07:55:26.410984+00:00,Austin,KXHIGHAUS-26JUL14-T85,less,85,87.0,28,72,34,38,buy_no
2026-07-14T07:55:26.508469+00:00,Miami,KXHIGHMIA-26JUL14-T97,greater,97,91.0,4,2,99,2,none
2026-07-14T07:55:26.508657+00:00,Miami,KXHIGHMIA-26JUL14-T90,less,90,91.0,39,1,,38,buy_yes
2026-07-14T13:23:54.302177+00:00,New York,KXHIGHNY-26JUL14-T97,greater,97,97.0,50,1,,49,buy_yes
2026-07-14T13:23:54.302416+00:00,New York,KXHIGHNY-26JUL14-T90,less,90,97.0,2,3,98,0,none
2026-07-14T13:23:54.346648+00:00,Chicago,KXHIGHCHI-26JUL14-T94,less,94,90.0,87,6,96,81,buy_yes
2026-07-14T13:23:54.346826+00:00,Chicago,KXHIGHCHI-26JUL14-T101,greater,101,90.0,0,1,,-1,none
2026-07-14T13:23:54.383832+00:00,Austin,KXHIGHAUS-26JUL14-T92,greater,92,86.0,4,1,,3,none
2026-07-14T13:23:54.384004+00:00,Austin,KXHIGHAUS-26JUL14-T85,less,85,86.0,39,92,10,51,buy_no
2026-07-14T13:23:54.425946+00:00,Miami,KXHIGHMIA-26JUL14-T97,greater,97,91.0,4,1,,3,none
2026-07-14T13:23:54.426133+00:00,Miami,KXHIGHMIA-26JUL14-T90,less,90,91.0,39,1,,38,buy_yes
2026-07-14T19:12:33.878399+00:00,New York,KXHIGHNY-26JUL15-T97,less,97,97.0,50,49,52,1,none
2026-07-14T19:12:33.878632+00:00,New York,KXHIGHNY-26JUL15-T104,greater,104,97.0,2,3,99,-1,none
2026-07-14T19:12:33.878717+00:00,New York,KXHIGHNY-26JUL14-T97,greater,97,97.0,50,1,,49,buy_yes
2026-07-14T19:12:33.878802+00:00,New York,KXHIGHNY-26JUL14-T90,less,90,97.0,2,51,58,40,buy_no
2026-07-14T19:12:33.974639+00:00,Chicago,KXHIGHCHI-26JUL15-T96,less,96,88.0,99,37,65,62,buy_yes
2026-07-14T19:12:33.974779+00:00,Chicago,KXHIGHCHI-26JUL15-T103,greater,103,88.0,0,2,,-2,none
2026-07-14T19:12:33.974828+00:00,Chicago,KXHIGHCHI-26JUL14-T94,less,94,88.0,96,1,,95,buy_yes
2026-07-14T19:12:33.974872+00:00,Chicago,KXHIGHCHI-26JUL14-T101,greater,101,88.0,0,1,,-1,none
2026-07-14T19:12:34.113644+00:00,Austin,KXHIGHAUS-26JUL15-T89,greater,89,86.0,20,3,,17,buy_yes
2026-07-14T19:12:34.113798+00:00,Austin,KXHIGHAUS-26JUL15-T82,less,82,86.0,13,64,37,50,buy_no
2026-07-14T19:12:34.113844+00:00,Austin,KXHIGHAUS-26JUL14-T92,greater,92,86.0,4,1,,3,none
2026-07-14T19:12:34.113885+00:00,Austin,KXHIGHAUS-26JUL14-T85,less,85,86.0,39,92,11,50,buy_no
2026-07-14T19:12:34.215168+00:00,Miami,KXHIGHMIA-26JUL15-T97,greater,97,91.0,4,7,96,0,none
2026-07-14T19:12:34.215303+00:00,Miami,KXHIGHMIA-26JUL15-T90,less,90,91.0,39,1,,38,buy_yes
2026-07-14T19:12:34.215354+00:00,Miami,KXHIGHMIA-26JUL14-T97,greater,97,91.0,4,1,,3,none
2026-07-14T19:12:34.215385+00:00,Miami,KXHIGHMIA-26JUL14-T90,less,90,91.0,39,1,,38,buy_yes
2026-07-14T23:49:54.801097+00:00,New York,KXHIGHNY-26JUL15-T97,less,97,97.0,50,55,47,3,none
2026-07-14T23:49:54.801287+00:00,New York,KXHIGHNY-26JUL15-T104,greater,104,97.0,2,2,,0,none
2026-07-14T23:49:54.801419+00:00,New York,KXHIGHNY-26JUL14-T97,greater,97,97.0,50,1,,49,buy_yes
2026-07-14T23:49:54.801560+00:00,New York,KXHIGHNY-26JUL14-T90,less,90,97.0,2,75,29,69,buy_no
2026-07-14T23:49:54.866939+00:00,Chicago,KXHIGHCHI-26JUL15-T96,less,96,88.0,99,34,69,65,buy_yes
2026-07-14T23:49:54.867083+00:00,Chicago,KXHIGHCHI-26JUL15-T103,greater,103,88.0,0,2,,-2,none
2026-07-14T23:49:54.867178+00:00,Chicago,KXHIGHCHI-26JUL14-T94,less,94,88.0,96,1,,95,buy_yes
2026-07-14T23:49:54.867275+00:00,Chicago,KXHIGHCHI-26JUL14-T101,greater,101,88.0,0,1,,-1,none
2026-07-14T23:49:54.940684+00:00,Austin,KXHIGHAUS-26JUL15-T89,greater,89,85.0,13,1,,12,buy_yes
2026-07-14T23:49:54.940800+00:00,Austin,KXHIGHAUS-26JUL15-T82,less,82,85.0,20,73,32,48,buy_no
2026-07-14T23:49:54.940905+00:00,Austin,KXHIGHAUS-26JUL14-T92,greater,92,85.0,2,1,,1,none
2026-07-14T23:49:54.941023+00:00,Austin,KXHIGHAUS-26JUL14-T85,less,85,85.0,50,,1,49,buy_no
2026-07-14T23:49:54.993651+00:00,Miami,KXHIGHMIA-26JUL15-T97,greater,97,91.0,4,4,98,0,none
2026-07-14T23:49:54.993776+00:00,Miami,KXHIGHMIA-26JUL15-T90,less,90,91.0,39,1,,38,buy_yes
2026-07-14T23:49:54.993884+00:00,Miami,KXHIGHMIA-26JUL14-T97,greater,97,91.0,4,1,,3,none
2026-07-14T23:49:54.993958+00:00,Miami,KXHIGHMIA-26JUL14-T90,less,90,91.0,39,1,,38,buy_yes
2026-07-15T08:00:24.319253+00:00,New York,KXHIGHNY-26JUL15-T97,less,97,90.0,98,60,43,38,buy_yes
2026-07-15T08:00:24.319448+00:00,New York,KXHIGHNY-26JUL15-T104,greater,104,90.0,0,1,,-1,none
2026-07-15T08:00:24.453894+00:00,Chicago,KXHIGHCHI-26JUL15-T96,less,96,83.0,100,49,55,51,buy_yes
2026-07-15T08:00:24.454052+00:00,Chicago,KXHIGHCHI-26JUL15-T103,greater,103,83.0,0,1,,-1,none
2026-07-15T08:00:24.558514+00:00,Austin,KXHIGHAUS-26JUL15-T89,greater,89,88.0,39,1,,38,buy_yes
2026-07-15T08:00:24.558705+00:00,Austin,KXHIGHAUS-26JUL15-T82,less,82,88.0,4,65,40,56,buy_no
2026-07-15T08:00:24.668257+00:00,Miami,KXHIGHMIA-26JUL15-T97,greater,97,92.0,8,2,99,6,buy_yes
2026-07-15T08:00:24.668401+00:00,Miami,KXHIGHMIA-26JUL15-T90,less,90,92.0,28,1,,27,buy_yes
2026-07-15T13:27:00.864981+00:00,New York,KXHIGHNY-26JUL15-T97,less,97,90.0,98,57,44,41,buy_yes
2026-07-15T13:27:00.865265+00:00,New York,KXHIGHNY-26JUL15-T104,greater,104,90.0,0,1,,-1,none
2026-07-15T13:27:00.933049+00:00,Chicago,KXHIGHCHI-26JUL15-T96,less,96,83.0,100,57,46,43,buy_yes
2026-07-15T13:27:00.933280+00:00,Chicago,KXHIGHCHI-26JUL15-T103,greater,103,83.0,0,1,,-1,none
2026-07-15T13:27:01.046168+00:00,Austin,KXHIGHAUS-26JUL15-T89,greater,89,88.0,39,1,,38,buy_yes
2026-07-15T13:27:01.046384+00:00,Austin,KXHIGHAUS-26JUL15-T82,less,82,88.0,4,77,26,70,buy_no
2026-07-15T13:27:01.182929+00:00,Miami,KXHIGHMIA-26JUL15-T97,greater,97,92.0,8,2,99,6,buy_yes
2026-07-15T13:27:01.183146+00:00,Miami,KXHIGHMIA-26JUL15-T90,less,90,92.0,28,1,,27,buy_yes
2026-07-15T19:04:38.721998+00:00,New York,KXHIGHNY-26JUL16-T96,greater,96,90.0,4,5,97,-1,none
2026-07-15T19:04:38.722236+00:00,New York,KXHIGHNY-26JUL16-T89,less,89,90.0,39,21,80,18,buy_yes
2026-07-15T19:04:38.722339+00:00,New York,KXHIGHNY-26JUL15-T97,less,97,90.0,98,88,13,10,buy_yes
2026-07-15T19:04:38.722432+00:00,New York,KXHIGHNY-26JUL15-T104,greater,104,90.0,0,1,,-1,none
2026-07-15T19:04:38.753497+00:00,Chicago,KXHIGHCHI-26JUL16-T99,greater,99,80.0,0,2,,-2,none
2026-07-15T19:04:38.753666+00:00,Chicago,KXHIGHCHI-26JUL16-T92,less,92,80.0,100,43,59,57,buy_yes
2026-07-15T19:04:38.753775+00:00,Chicago,KXHIGHCHI-26JUL15-T96,less,96,80.0,100,86,20,14,buy_yes
2026-07-15T19:04:38.753869+00:00,Chicago,KXHIGHCHI-26JUL15-T103,greater,103,80.0,0,1,,-1,none
2026-07-15T19:04:38.780584+00:00,Austin,KXHIGHAUS-26JUL16-T91,greater,91,88.0,20,3,99,17,buy_yes
2026-07-15T19:04:38.780747+00:00,Austin,KXHIGHAUS-26JUL16-T84,less,84,88.0,13,6,95,7,buy_yes
2026-07-15T19:04:38.780835+00:00,Austin,KXHIGHAUS-26JUL15-T89,greater,89,88.0,39,1,,38,buy_yes
2026-07-15T19:04:38.780914+00:00,Austin,KXHIGHAUS-26JUL15-T82,less,82,88.0,4,89,21,75,buy_no
2026-07-15T19:04:38.809778+00:00,Miami,KXHIGHMIA-26JUL16-T97,greater,97,92.0,8,5,96,3,none
2026-07-15T19:04:38.809919+00:00,Miami,KXHIGHMIA-26JUL16-T90,less,90,92.0,28,1,,27,buy_yes
2026-07-15T19:04:38.810008+00:00,Miami,KXHIGHMIA-26JUL15-T97,greater,97,92.0,8,1,,7,buy_yes
2026-07-15T19:04:38.810131+00:00,Miami,KXHIGHMIA-26JUL15-T90,less,90,92.0,28,1,,27,buy_yes
2026-07-15T23:55:46.848795+00:00,New York,KXHIGHNY-26JUL16-T96,greater,96,89.0,2,3,98,0,none
2026-07-15T23:55:46.848980+00:00,New York,KXHIGHNY-26JUL16-T89,less,89,89.0,50,25,76,25,buy_yes
2026-07-15T23:55:46.849083+00:00,New York,KXHIGHNY-26JUL15-T97,less,97,89.0,99,,1,0,none
2026-07-15T23:55:46.849171+00:00,New York,KXHIGHNY-26JUL15-T104,greater,104,89.0,0,1,,-1,none
2026-07-15T23:55:46.881737+00:00,Chicago,KXHIGHCHI-26JUL16-T99,greater,99,80.0,0,1,,-1,none
2026-07-15T23:55:46.881907+00:00,Chicago,KXHIGHCHI-26JUL16-T92,less,92,80.0,100,65,36,35,buy_yes
2026-07-15T23:55:46.882010+00:00,Chicago,KXHIGHCHI-26JUL15-T96,less,96,80.0,100,,1,-1,none
2026-07-15T23:55:46.882097+00:00,Chicago,KXHIGHCHI-26JUL15-T103,greater,103,80.0,0,1,,-1,none
2026-07-15T23:55:46.948231+00:00,Austin,KXHIGHAUS-26JUL16-T91,greater,91,88.0,20,3,99,17,buy_yes
2026-07-15T23:55:46.948386+00:00,Austin,KXHIGHAUS-26JUL16-T84,less,84,88.0,13,8,95,5,buy_yes
2026-07-15T23:55:46.948475+00:00,Austin,KXHIGHAUS-26JUL15-T89,greater,89,88.0,39,1,,38,buy_yes
2026-07-15T23:55:46.948555+00:00,Austin,KXHIGHAUS-26JUL15-T82,less,82,88.0,4,96,5,91,buy_no
2026-07-15T23:55:47.016774+00:00,Miami,KXHIGHMIA-26JUL16-T97,greater,97,92.0,8,5,97,3,none
2026-07-15T23:55:47.016936+00:00,Miami,KXHIGHMIA-26JUL16-T90,less,90,92.0,28,1,,27,buy_yes
2026-07-15T23:55:47.017046+00:00,Miami,KXHIGHMIA-26JUL15-T97,greater,97,92.0,8,1,,7,buy_yes
2026-07-15T23:55:47.017135+00:00,Miami,KXHIGHMIA-26JUL15-T90,less,90,92.0,28,1,,27,buy_yes
2026-07-16T08:05:31.378001+00:00,New York,KXHIGHNY-26JUL16-T96,greater,96,86.0,0,1,,-1,none
2026-07-16T08:05:31.378202+00:00,New York,KXHIGHNY-26JUL16-T89,less,89,86.0,80,26,76,54,buy_yes
2026-07-16T08:05:31.575022+00:00,Chicago,KXHIGHCHI-26JUL16-T99,greater,99,90.0,1,1,,0,none
2026-07-16T08:05:31.575171+00:00,Chicago,KXHIGHCHI-26JUL16-T92,less,92,90.0,72,71,34,1,none
2026-07-16T08:05:31.684922+00:00,Austin,KXHIGHAUS-26JUL16-T91,greater,91,91.0,50,6,96,44,buy_yes
2026-07-16T08:05:31.685090+00:00,Austin,KXHIGHAUS-26JUL16-T84,less,84,91.0,2,8,97,1,none
2026-07-16T08:05:31.748292+00:00,Miami,KXHIGHMIA-26JUL16-T97,greater,97,91.0,4,7,97,-1,none
2026-07-16T08:05:31.748432+00:00,Miami,KXHIGHMIA-26JUL16-T90,less,90,91.0,39,1,,38,buy_yes
2026-07-16T13:40:37.167208+00:00,New York,KXHIGHNY-26JUL16-T96,greater,96,86.0,0,1,,-1,none
2026-07-16T13:40:37.167481+00:00,New York,KXHIGHNY-26JUL16-T89,less,89,86.0,80,66,37,14,buy_yes
2026-07-16T13:40:37.430922+00:00,Chicago,KXHIGHCHI-26JUL16-T99,greater,99,90.0,1,1,,0,none
2026-07-16T13:40:37.431118+00:00,Chicago,KXHIGHCHI-26JUL16-T92,less,92,90.0,72,84,18,10,buy_no
2026-07-16T13:40:37.674936+00:00,Austin,KXHIGHAUS-26JUL16-T91,greater,91,91.0,50,13,92,37,buy_yes
2026-07-16T13:40:37.675126+00:00,Austin,KXHIGHAUS-26JUL16-T84,less,84,91.0,2,4,98,0,none
2026-07-16T13:40:37.913416+00:00,Miami,KXHIGHMIA-26JUL16-T97,greater,97,91.0,4,4,97,0,none
2026-07-16T13:40:37.913652+00:00,Miami,KXHIGHMIA-26JUL16-T90,less,90,91.0,39,1,,38,buy_yes
2026-07-16T19:03:02.851201+00:00,New York,KXHIGHNY-26JUL17-T90,greater,90,84.0,4,6,96,0,none
2026-07-16T19:03:02.851441+00:00,New York,KXHIGHNY-26JUL17-T83,less,83,84.0,39,17,85,22,buy_yes
2026-07-16T19:03:02.851558+00:00,New York,KXHIGHNY-26JUL16-T96,greater,96,84.0,0,1,,-1,none
2026-07-16T19:03:02.851648+00:00,New York,KXHIGHNY-26JUL16-T89,less,89,84.0,92,97,4,4,buy_no
2026-07-16T19:03:03.082397+00:00,Chicago,KXHIGHCHI-26JUL17-T96,greater,96,87.0,1,2,99,0,none
2026-07-16T19:03:03.082585+00:00,Chicago,KXHIGHCHI-26JUL17-T89,less,89,87.0,72,13,88,59,buy_yes
2026-07-16T19:03:03.082688+00:00,Chicago,KXHIGHCHI-26JUL16-T99,greater,99,87.0,0,1,,-1,none
2026-07-16T19:03:03.082781+00:00,Chicago,KXHIGHCHI-26JUL16-T92,less,92,87.0,92,94,7,1,none
2026-07-16T19:03:03.252744+00:00,Austin,KXHIGHAUS-26JUL17-T95,greater,95,91.0,13,4,98,9,buy_yes
2026-07-16T19:03:03.252923+00:00,Austin,KXHIGHAUS-26JUL17-T88,less,88,91.0,20,6,96,14,buy_yes
2026-07-16T19:03:03.253011+00:00,Austin,KXHIGHAUS-26JUL16-T91,greater,91,91.0,50,29,72,21,buy_yes
2026-07-16T19:03:03.253092+00:00,Austin,KXHIGHAUS-26JUL16-T84,less,84,91.0,2,1,,1,none
2026-07-16T19:03:03.433491+00:00,Miami,KXHIGHMIA-26JUL17-T97,greater,97,91.0,4,4,97,0,none
2026-07-16T19:03:03.433673+00:00,Miami,KXHIGHMIA-26JUL17-T90,less,90,91.0,39,2,99,37,buy_yes
2026-07-16T19:03:03.433783+00:00,Miami,KXHIGHMIA-26JUL16-T97,greater,97,91.0,4,5,97,-1,none
2026-07-16T19:03:03.433872+00:00,Miami,KXHIGHMIA-26JUL16-T90,less,90,91.0,39,1,,38,buy_yes
2026-07-16T23:54:58.932449+00:00,New York,KXHIGHNY-26JUL17-T90,greater,90,84.0,4,3,98,1,none
2026-07-16T23:54:58.932696+00:00,New York,KXHIGHNY-26JUL17-T83,less,83,84.0,39,14,88,25,buy_yes
2026-07-16T23:54:58.932795+00:00,New York,KXHIGHNY-26JUL16-T96,greater,96,84.0,0,1,,-1,none
2026-07-16T23:54:58.932872+00:00,New York,KXHIGHNY-26JUL16-T89,less,89,84.0,92,,1,7,buy_no
2026-07-16T23:54:58.973164+00:00,Chicago,KXHIGHCHI-26JUL17-T96,greater,96,87.0,1,2,,-1,none
2026-07-16T23:54:58.973315+00:00,Chicago,KXHIGHCHI-26JUL17-T89,less,89,87.0,72,9,93,63,buy_yes
2026-07-16T23:54:58.973404+00:00,Chicago,KXHIGHCHI-26JUL16-T99,greater,99,87.0,0,1,,-1,none
2026-07-16T23:54:58.973517+00:00,Chicago,KXHIGHCHI-26JUL16-T92,less,92,87.0,92,,1,7,buy_no
2026-07-16T23:54:59.013776+00:00,Austin,KXHIGHAUS-26JUL17-T95,greater,95,91.0,13,6,98,7,buy_yes
2026-07-16T23:54:59.013934+00:00,Austin,KXHIGHAUS-26JUL17-T88,less,88,91.0,20,4,98,16,buy_yes
2026-07-16T23:54:59.014012+00:00,Austin,KXHIGHAUS-26JUL16-T91,greater,91,91.0,50,1,,49,buy_yes
2026-07-16T23:54:59.014078+00:00,Austin,KXHIGHAUS-26JUL16-T84,less,84,91.0,2,1,,1,none
2026-07-16T23:54:59.054190+00:00,Miami,KXHIGHMIA-26JUL17-T97,greater,97,91.0,4,4,97,0,none
2026-07-16T23:54:59.054356+00:00,Miami,KXHIGHMIA-26JUL17-T90,less,90,91.0,39,1,,38,buy_yes
2026-07-16T23:54:59.054441+00:00,Miami,KXHIGHMIA-26JUL16-T97,greater,97,91.0,4,1,,3,none
2026-07-16T23:54:59.054530+00:00,Miami,KXHIGHMIA-26JUL16-T90,less,90,91.0,39,1,,38,buy_yes
2026-07-17T08:02:14.508756+00:00,New York,KXHIGHNY-26JUL17-T90,greater,90,82.0,1,1,,0,none
2026-07-17T08:02:14.508961+00:00,New York,KXHIGHNY-26JUL17-T83,less,83,82.0,61,7,94,54,buy_yes
2026-07-17T08:02:14.559444+00:00,Chicago,KXHIGHCHI-26JUL17-T96,greater,96,89.0,2,1,,1,none
2026-07-17T08:02:14.559591+00:00,Chicago,KXHIGHCHI-26JUL17-T89,less,89,89.0,50,10,91,40,buy_yes
2026-07-17T08:02:14.602443+00:00,Austin,KXHIGHAUS-26JUL17-T95,greater,95,93.0,28,4,97,24,buy_yes
2026-07-17T08:02:14.602588+00:00,Austin,KXHIGHAUS-26JUL17-T88,less,88,93.0,8,3,98,5,buy_yes
2026-07-17T08:02:14.658923+00:00,Miami,KXHIGHMIA-26JUL17-T97,greater,97,89.0,1,5,96,3,none
2026-07-17T08:02:14.659095+00:00,Miami,KXHIGHMIA-26JUL17-T90,less,90,89.0,61,1,,60,buy_yes
2026-07-17T13:18:27.489875+00:00,New York,KXHIGHNY-26JUL17-T90,greater,90,82.0,1,1,,0,none
2026-07-17T13:18:27.490110+00:00,New York,KXHIGHNY-26JUL17-T83,less,83,82.0,61,16,85,45,buy_yes
2026-07-17T13:18:27.634545+00:00,Chicago,KXHIGHCHI-26JUL17-T96,greater,96,89.0,2,1,,1,none
2026-07-17T13:18:27.634712+00:00,Chicago,KXHIGHCHI-26JUL17-T89,less,89,89.0,50,12,90,38,buy_yes
2026-07-17T13:18:27.808819+00:00,Austin,KXHIGHAUS-26JUL17-T95,greater,95,93.0,28,7,94,21,buy_yes
2026-07-17T13:18:27.808986+00:00,Austin,KXHIGHAUS-26JUL17-T88,less,88,93.0,8,1,,7,buy_yes
2026-07-17T13:18:27.901546+00:00,Miami,KXHIGHMIA-26JUL17-T97,greater,97,89.0,1,3,98,1,none
2026-07-17T13:18:27.901689+00:00,Miami,KXHIGHMIA-26JUL17-T90,less,90,89.0,61,2,,59,buy_yes
2026-07-17T19:00:43.206362+00:00,New York,KXHIGHNY-26JUL18-T86,greater,86,82.0,13,4,98,9,buy_yes
2026-07-17T19:00:43.206563+00:00,New York,KXHIGHNY-26JUL18-T79,less,79,82.0,20,36,66,14,buy_no
2026-07-17T19:00:43.206661+00:00,New York,KXHIGHNY-26JUL17-T90,greater,90,82.0,1,1,,0,none
2026-07-17T19:00:43.206748+00:00,New York,KXHIGHNY-26JUL17-T83,less,83,82.0,61,1,,60,buy_yes
2026-07-17T19:00:43.239298+00:00,Chicago,KXHIGHCHI-26JUL18-T96,greater,96,89.0,2,2,,0,none
2026-07-17T19:00:43.239426+00:00,Chicago,KXHIGHCHI-26JUL18-T89,less,89,89.0,50,17,84,33,buy_yes
2026-07-17T19:00:43.239522+00:00,Chicago,KXHIGHCHI-26JUL17-T96,greater,96,89.0,2,1,,1,none
2026-07-17T19:00:43.239606+00:00,Chicago,KXHIGHCHI-26JUL17-T89,less,89,89.0,50,1,,49,buy_yes
2026-07-17T19:00:43.283876+00:00,Austin,KXHIGHAUS-26JUL18-T97,greater,97,94.0,20,10,97,10,buy_yes
2026-07-17T19:00:43.284072+00:00,Austin,KXHIGHAUS-26JUL18-T90,less,90,94.0,13,10,91,3,none
2026-07-17T19:00:43.284172+00:00,Austin,KXHIGHAUS-26JUL17-T95,greater,95,94.0,39,15,86,24,buy_yes
2026-07-17T19:00:43.284269+00:00,Austin,KXHIGHAUS-26JUL17-T88,less,88,94.0,4,1,,3,none
2026-07-17T19:00:43.316889+00:00,Miami,KXHIGHMIA-26JUL18-T95,greater,95,89.0,4,2,99,2,none
2026-07-17T19:00:43.317110+00:00,Miami,KXHIGHMIA-26JUL18-T88,less,88,89.0,39,2,,37,buy_yes
2026-07-17T19:00:43.317221+00:00,Miami,KXHIGHMIA-26JUL17-T97,greater,97,89.0,1,1,,0,none
2026-07-17T19:00:43.317311+00:00,Miami,KXHIGHMIA-26JUL17-T90,less,90,89.0,61,1,,60,buy_yes
2026-07-17T23:48:33.818536+00:00,New York,KXHIGHNY-26JUL18-T86,greater,86,82.0,13,2,99,11,buy_yes
2026-07-17T23:48:33.818829+00:00,New York,KXHIGHNY-26JUL18-T79,less,79,82.0,20,35,66,14,buy_no
2026-07-17T23:48:33.819032+00:00,New York,KXHIGHNY-26JUL17-T90,greater,90,82.0,1,1,,0,none
2026-07-17T23:48:33.819182+00:00,New York,KXHIGHNY-26JUL17-T83,less,83,82.0,61,1,,60,buy_yes
2026-07-17T23:48:33.842617+00:00,Chicago,KXHIGHCHI-26JUL18-T96,greater,96,90.0,4,2,,2,none
2026-07-17T23:48:33.842764+00:00,Chicago,KXHIGHCHI-26JUL18-T89,less,89,90.0,39,20,82,19,buy_yes
2026-07-17T23:48:33.842866+00:00,Chicago,KXHIGHCHI-26JUL17-T96,greater,96,90.0,4,1,,3,none
2026-07-17T23:48:33.842976+00:00,Chicago,KXHIGHCHI-26JUL17-T89,less,89,90.0,39,1,,38,buy_yes
2026-07-17T23:48:33.868817+00:00,Austin,KXHIGHAUS-26JUL18-T97,greater,97,94.0,20,6,97,14,buy_yes
2026-07-17T23:48:33.868964+00:00,Austin,KXHIGHAUS-26JUL18-T90,less,90,94.0,13,5,98,8,buy_yes
2026-07-17T23:48:33.869054+00:00,Austin,KXHIGHAUS-26JUL17-T95,greater,95,94.0,39,1,,38,buy_yes
2026-07-17T23:48:33.869136+00:00,Austin,KXHIGHAUS-26JUL17-T88,less,88,94.0,4,1,,3,none
2026-07-17T23:48:33.897668+00:00,Miami,KXHIGHMIA-26JUL18-T95,greater,95,89.0,4,2,99,2,none
2026-07-17T23:48:33.897806+00:00,Miami,KXHIGHMIA-26JUL18-T88,less,88,89.0,39,2,99,37,buy_yes
2026-07-17T23:48:33.897921+00:00,Miami,KXHIGHMIA-26JUL17-T97,greater,97,89.0,1,1,,0,none
2026-07-17T23:48:33.898002+00:00,Miami,KXHIGHMIA-26JUL17-T90,less,90,89.0,61,1,,60,buy_yes
2026-07-18T07:41:37.241154+00:00,New York,KXHIGHNY-26JUL18-T86,greater,86,84.0,28,1,,27,buy_yes
2026-07-18T07:41:37.241401+00:00,New York,KXHIGHNY-26JUL18-T79,less,79,84.0,8,32,69,23,buy_no
2026-07-18T07:41:37.296825+00:00,Chicago,KXHIGHCHI-26JUL18-T96,greater,96,77.0,0,1,,-1,none
2026-07-18T07:41:37.296970+00:00,Chicago,KXHIGHCHI-26JUL18-T89,less,89,77.0,100,25,76,75,buy_yes
2026-07-18T07:41:37.340121+00:00,Austin,KXHIGHAUS-26JUL18-T97,greater,97,96.0,39,19,83,20,buy_yes
2026-07-18T07:41:37.340283+00:00,Austin,KXHIGHAUS-26JUL18-T90,less,90,96.0,4,2,99,2,none
2026-07-18T07:41:37.388004+00:00,Miami,KXHIGHMIA-26JUL18-T95,greater,95,90.0,8,2,99,6,buy_yes
2026-07-18T07:41:37.388159+00:00,Miami,KXHIGHMIA-26JUL18-T88,less,88,90.0,28,2,99,26,buy_yes
2026-07-18T13:04:37.238977+00:00,New York,KXHIGHNY-26JUL18-T86,greater,86,84.0,28,1,,27,buy_yes
2026-07-18T13:04:37.239247+00:00,New York,KXHIGHNY-26JUL18-T79,less,79,84.0,8,40,61,31,buy_no
2026-07-18T13:04:37.298936+00:00,Chicago,KXHIGHCHI-26JUL18-T96,greater,96,77.0,0,1,,-1,none
2026-07-18T13:04:37.299111+00:00,Chicago,KXHIGHCHI-26JUL18-T89,less,89,77.0,100,47,54,53,buy_yes
2026-07-18T13:04:37.384219+00:00,Austin,KXHIGHAUS-26JUL18-T97,greater,97,96.0,39,16,85,23,buy_yes
2026-07-18T13:04:37.384435+00:00,Austin,KXHIGHAUS-26JUL18-T90,less,90,96.0,4,1,,3,none
2026-07-18T13:04:37.440963+00:00,Miami,KXHIGHMIA-26JUL18-T95,greater,95,90.0,8,1,,7,buy_yes
2026-07-18T13:04:37.441127+00:00,Miami,KXHIGHMIA-26JUL18-T88,less,88,90.0,28,1,,27,buy_yes
2026-07-18T18:56:39.634894+00:00,New York,KXHIGHNY-26JUL19-T87,greater,87,84.0,20,2,99,18,buy_yes
2026-07-18T18:56:39.635136+00:00,New York,KXHIGHNY-26JUL19-T80,less,80,84.0,13,28,73,14,buy_no
2026-07-18T18:56:39.635281+00:00,New York,KXHIGHNY-26JUL18-T86,greater,86,84.0,28,1,,27,buy_yes
2026-07-18T18:56:39.635388+00:00,New York,KXHIGHNY-26JUL18-T79,less,79,84.0,8,90,12,80,buy_no
2026-07-18T18:56:39.668954+00:00,Chicago,KXHIGHCHI-26JUL19-T85,greater,85,74.0,0,5,98,2,none
2026-07-18T18:56:39.669113+00:00,Chicago,KXHIGHCHI-26JUL19-T78,less,78,74.0,87,6,95,81,buy_yes
2026-07-18T18:56:39.669213+00:00,Chicago,KXHIGHCHI-26JUL18-T96,greater,96,74.0,0,1,,-1,none
2026-07-18T18:56:39.669333+00:00,Chicago,KXHIGHCHI-26JUL18-T89,less,89,74.0,100,1,,99,buy_yes
2026-07-18T18:56:39.864591+00:00,Austin,KXHIGHAUS-26JUL19-T93,less,93,95.0,28,14,88,14,buy_yes
2026-07-18T18:56:39.864767+00:00,Austin,KXHIGHAUS-26JUL19-T100,greater,100,95.0,8,1,,7,buy_yes
2026-07-18T18:56:39.864856+00:00,Austin,KXHIGHAUS-26JUL18-T97,greater,97,95.0,28,7,94,21,buy_yes
2026-07-18T18:56:39.864934+00:00,Austin,KXHIGHAUS-26JUL18-T90,less,90,95.0,8,1,,7,buy_yes
2026-07-18T18:56:39.980401+00:00,Miami,KXHIGHMIA-26JUL19-T95,greater,95,90.0,8,4,97,4,buy_yes
2026-07-18T18:56:39.980573+00:00,Miami,KXHIGHMIA-26JUL19-T88,less,88,90.0,28,1,,27,buy_yes
2026-07-18T18:56:39.980657+00:00,Miami,KXHIGHMIA-26JUL18-T95,greater,95,90.0,8,1,,7,buy_yes
2026-07-18T18:56:39.980731+00:00,Miami,KXHIGHMIA-26JUL18-T88,less,88,90.0,28,1,,27,buy_yes
2026-07-18T23:49:37.463342+00:00,New York,KXHIGHNY-26JUL19-T87,greater,87,80.0,2,1,,1,none
2026-07-18T23:49:37.463558+00:00,New York,KXHIGHNY-26JUL19-T80,less,80,80.0,50,38,64,12,buy_yes
2026-07-18T23:49:37.463662+00:00,New York,KXHIGHNY-26JUL18-T86,greater,86,80.0,4,1,,3,none
2026-07-18T23:49:37.463745+00:00,New York,KXHIGHNY-26JUL18-T79,less,79,80.0,39,98,4,57,buy_no
2026-07-18T23:49:37.505948+00:00,Chicago,KXHIGHCHI-26JUL19-T85,greater,85,74.0,0,4,98,2,none
2026-07-18T23:49:37.506073+00:00,Chicago,KXHIGHCHI-26JUL19-T78,less,78,74.0,87,7,94,80,buy_yes
2026-07-18T23:49:37.506162+00:00,Chicago,KXHIGHCHI-26JUL18-T96,greater,96,74.0,0,1,,-1,none
2026-07-18T23:49:37.506241+00:00,Chicago,KXHIGHCHI-26JUL18-T89,less,89,74.0,100,1,,99,buy_yes
2026-07-18T23:49:37.543941+00:00,Austin,KXHIGHAUS-26JUL19-T93,less,93,95.0,28,11,90,17,buy_yes
2026-07-18T23:49:37.544118+00:00,Austin,KXHIGHAUS-26JUL19-T100,greater,100,95.0,8,1,,7,buy_yes
2026-07-18T23:49:37.544207+00:00,Austin,KXHIGHAUS-26JUL18-T97,greater,97,95.0,28,1,,27,buy_yes
2026-07-18T23:49:37.544287+00:00,Austin,KXHIGHAUS-26JUL18-T90,less,90,95.0,8,1,,7,buy_yes
2026-07-18T23:49:37.578485+00:00,Miami,KXHIGHMIA-26JUL19-T95,greater,95,90.0,8,3,98,5,buy_yes
2026-07-18T23:49:37.578687+00:00,Miami,KXHIGHMIA-26JUL19-T88,less,88,90.0,28,1,,27,buy_yes
2026-07-18T23:49:37.578780+00:00,Miami,KXHIGHMIA-26JUL18-T95,greater,95,90.0,8,1,,7,buy_yes
2026-07-18T23:49:37.578859+00:00,Miami,KXHIGHMIA-26JUL18-T88,less,88,90.0,28,1,,27,buy_yes
2026-07-19T08:08:51.112776+00:00,New York,KXHIGHNY-26JUL19-T87,greater,87,81.0,4,1,,3,none
2026-07-19T08:08:51.112974+00:00,New York,KXHIGHNY-26JUL19-T80,less,80,81.0,39,35,66,4,buy_yes
2026-07-19T08:08:51.206218+00:00,Chicago,KXHIGHCHI-26JUL19-T85,greater,85,85.0,50,2,99,48,buy_yes
2026-07-19T08:08:51.206331+00:00,Chicago,KXHIGHCHI-26JUL19-T78,less,78,85.0,2,5,97,1,none
2026-07-19T08:08:51.316538+00:00,Austin,KXHIGHAUS-26JUL19-T93,less,93,97.0,13,5,96,8,buy_yes
2026-07-19T08:08:51.316660+00:00,Austin,KXHIGHAUS-26JUL19-T100,greater,100,97.0,20,3,,17,buy_yes
2026-07-19T08:08:51.397308+00:00,Miami,KXHIGHMIA-26JUL19-T95,greater,95,90.0,8,2,99,6,buy_yes
2026-07-19T08:08:51.397502+00:00,Miami,KXHIGHMIA-26JUL19-T88,less,88,90.0,28,1,,27,buy_yes
2026-07-19T13:07:05.434889+00:00,New York,KXHIGHNY-26JUL19-T87,greater,87,81.0,4,1,,3,none
2026-07-19T13:07:05.435077+00:00,New York,KXHIGHNY-26JUL19-T80,less,80,81.0,39,28,73,11,buy_yes
2026-07-19T13:07:05.537569+00:00,Chicago,KXHIGHCHI-26JUL19-T85,greater,85,85.0,50,1,,49,buy_yes
2026-07-19T13:07:05.537723+00:00,Chicago,KXHIGHCHI-26JUL19-T78,less,78,85.0,2,11,91,7,buy_no
2026-07-19T13:07:05.682275+00:00,Austin,KXHIGHAUS-26JUL19-T93,less,93,97.0,13,3,98,10,buy_yes
2026-07-19T13:07:05.682498+00:00,Austin,KXHIGHAUS-26JUL19-T100,greater,100,97.0,20,1,,19,buy_yes
2026-07-19T13:07:05.791686+00:00,Miami,KXHIGHMIA-26JUL19-T95,greater,95,90.0,8,2,99,6,buy_yes
2026-07-19T13:07:05.791826+00:00,Miami,KXHIGHMIA-26JUL19-T88,less,88,90.0,28,1,,27,buy_yes
2026-07-19T18:59:17.766023+00:00,New York,KXHIGHNY-26JUL20-T84,greater,84,77.0,2,4,97,1,none
2026-07-19T18:59:17.766248+00:00,New York,KXHIGHNY-26JUL20-T77,less,77,77.0,50,12,91,38,buy_yes
2026-07-19T18:59:17.766353+00:00,New York,KXHIGHNY-26JUL19-T87,greater,87,77.0,0,1,,-1,none
2026-07-19T18:59:17.766430+00:00,New York,KXHIGHNY-26JUL19-T80,less,80,77.0,80,53,48,27,buy_yes
2026-07-19T18:59:17.850953+00:00,Chicago,KXHIGHCHI-26JUL20-T90,greater,90,87.0,20,6,96,14,buy_yes
2026-07-19T18:59:17.851137+00:00,Chicago,KXHIGHCHI-26JUL20-T83,less,83,87.0,13,12,92,1,none
2026-07-19T18:59:17.851258+00:00,Chicago,KXHIGHCHI-26JUL19-T85,greater,85,87.0,72,1,,71,buy_yes
2026-07-19T18:59:17.851338+00:00,Chicago,KXHIGHCHI-26JUL19-T78,less,78,87.0,1,10,91,8,buy_no
2026-07-19T18:59:17.919088+00:00,Austin,KXHIGHAUS-26JUL20-T93,less,93,97.0,13,4,97,9,buy_yes
2026-07-19T18:59:17.919275+00:00,Austin,KXHIGHAUS-26JUL20-T100,greater,100,97.0,20,3,98,17,buy_yes
2026-07-19T18:59:17.919355+00:00,Austin,KXHIGHAUS-26JUL19-T93,less,93,97.0,13,1,,12,buy_yes
2026-07-19T18:59:17.919423+00:00,Austin,KXHIGHAUS-26JUL19-T100,greater,100,97.0,20,1,,19,buy_yes
2026-07-19T18:59:17.983425+00:00,Miami,KXHIGHMIA-26JUL20-T96,greater,96,90.0,4,2,,2,none
2026-07-19T18:59:17.983566+00:00,Miami,KXHIGHMIA-26JUL20-T89,less,89,90.0,39,2,,37,buy_yes
2026-07-19T18:59:17.983643+00:00,Miami,KXHIGHMIA-26JUL19-T95,greater,95,90.0,8,1,,7,buy_yes
2026-07-19T18:59:17.983706+00:00,Miami,KXHIGHMIA-26JUL19-T88,less,88,90.0,28,1,,27,buy_yes
2026-07-19T23:52:59.976764+00:00,New York,KXHIGHNY-26JUL20-T84,greater,84,77.0,2,3,98,0,none
2026-07-19T23:52:59.977031+00:00,New York,KXHIGHNY-26JUL20-T77,less,77,77.0,50,5,96,45,buy_yes
2026-07-19T23:52:59.977181+00:00,New York,KXHIGHNY-26JUL19-T87,greater,87,77.0,0,1,,-1,none
2026-07-19T23:52:59.977312+00:00,New York,KXHIGHNY-26JUL19-T80,less,80,77.0,80,94,9,11,buy_no
2026-07-19T23:53:00.070697+00:00,Chicago,KXHIGHCHI-26JUL20-T90,greater,90,87.0,20,6,95,14,buy_yes
2026-07-19T23:53:00.070898+00:00,Chicago,KXHIGHCHI-26JUL20-T83,less,83,87.0,13,8,93,5,buy_yes
2026-07-19T23:53:00.070999+00:00,Chicago,KXHIGHCHI-26JUL19-T85,greater,85,87.0,72,1,,71,buy_yes
2026-07-19T23:53:00.071092+00:00,Chicago,KXHIGHCHI-26JUL19-T78,less,78,87.0,1,1,,0,none
2026-07-19T23:53:00.203172+00:00,Austin,KXHIGHAUS-26JUL20-T93,less,93,97.0,13,3,98,10,buy_yes
2026-07-19T23:53:00.203350+00:00,Austin,KXHIGHAUS-26JUL20-T100,greater,100,97.0,20,3,98,17,buy_yes
2026-07-19T23:53:00.203439+00:00,Austin,KXHIGHAUS-26JUL19-T93,less,93,97.0,13,1,,12,buy_yes
2026-07-19T23:53:00.203543+00:00,Austin,KXHIGHAUS-26JUL19-T100,greater,100,97.0,20,1,,19,buy_yes
2026-07-19T23:53:00.256888+00:00,Miami,KXHIGHMIA-26JUL20-T96,greater,96,90.0,4,1,,3,none
2026-07-19T23:53:00.257045+00:00,Miami,KXHIGHMIA-26JUL20-T89,less,89,90.0,39,1,,38,buy_yes
2026-07-19T23:53:00.257132+00:00,Miami,KXHIGHMIA-26JUL19-T95,greater,95,90.0,8,1,,7,buy_yes
2026-07-19T23:53:00.257209+00:00,Miami,KXHIGHMIA-26JUL19-T88,less,88,90.0,28,1,,27,buy_yes
2026-07-20T08:50:37.461422+00:00,New York,KXHIGHNY-26JUL20-T84,greater,84,82.0,28,2,99,26,buy_yes
2026-07-20T08:50:37.461599+00:00,New York,KXHIGHNY-26JUL20-T77,less,77,82.0,8,3,98,5,buy_yes
2026-07-20T08:50:37.560970+00:00,Chicago,KXHIGHCHI-26JUL20-T90,greater,90,84.0,4,4,98,0,none
2026-07-20T08:50:37.561109+00:00,Chicago,KXHIGHCHI-26JUL20-T83,less,83,84.0,39,3,98,36,buy_yes
2026-07-20T08:50:37.670504+00:00,Austin,KXHIGHAUS-26JUL20-T93,less,93,99.0,4,2,99,2,none
2026-07-20T08:50:37.670643+00:00,Austin,KXHIGHAUS-26JUL20-T100,greater,100,99.0,39,3,98,36,buy_yes
2026-07-20T08:50:37.717067+00:00,Miami,KXHIGHMIA-26JUL20-T96,greater,96,90.0,4,2,,2,none
2026-07-20T08:50:37.717270+00:00,Miami,KXHIGHMIA-26JUL20-T89,less,89,90.0,39,1,,38,buy_yes
2026-07-20T13:56:33.707363+00:00,New York,KXHIGHNY-26JUL20-T84,greater,84,82.0,28,2,99,26,buy_yes
2026-07-20T13:56:33.707627+00:00,New York,KXHIGHNY-26JUL20-T77,less,77,82.0,8,1,,7,buy_yes
2026-07-20T13:56:33.793905+00:00,Chicago,KXHIGHCHI-26JUL20-T90,greater,90,84.0,4,1,,3,none
2026-07-20T13:56:33.794156+00:00,Chicago,KXHIGHCHI-26JUL20-T83,less,83,84.0,39,2,99,37,buy_yes
2026-07-20T13:56:34.134138+00:00,Austin,KXHIGHAUS-26JUL20-T93,less,93,99.0,4,1,,3,none
2026-07-20T13:56:34.134338+00:00,Austin,KXHIGHAUS-26JUL20-T100,greater,100,99.0,39,3,98,36,buy_yes
2026-07-20T13:56:34.226556+00:00,Miami,KXHIGHMIA-26JUL20-T96,greater,96,90.0,4,1,,3,none
2026-07-20T13:56:34.226750+00:00,Miami,KXHIGHMIA-26JUL20-T89,less,89,90.0,39,1,,38,buy_yes
2026-07-20T19:38:57.229143+00:00,New York,KXHIGHNY-26JUL21-T86,greater,86,79.0,2,3,98,0,none
2026-07-20T19:38:57.229367+00:00,New York,KXHIGHNY-26JUL21-T79,less,79,79.0,50,64,37,13,buy_no
2026-07-20T19:38:57.229462+00:00,New York,KXHIGHNY-26JUL20-T84,greater,84,79.0,8,1,,7,buy_yes
2026-07-20T19:38:57.229544+00:00,New York,KXHIGHNY-26JUL20-T77,less,77,79.0,28,1,,27,buy_yes
2026-07-20T19:38:57.322776+00:00,Chicago,KXHIGHCHI-26JUL21-T91,greater,91,88.0,20,1,,19,buy_yes
2026-07-20T19:38:57.322987+00:00,Chicago,KXHIGHCHI-26JUL21-T84,less,84,88.0,13,33,69,18,buy_no
2026-07-20T19:38:57.323083+00:00,Chicago,KXHIGHCHI-26JUL20-T90,greater,90,88.0,28,1,,27,buy_yes
2026-07-20T19:38:57.323160+00:00,Chicago,KXHIGHCHI-26JUL20-T83,less,83,88.0,8,42,61,31,buy_no
2026-07-20T19:38:57.399273+00:00,Austin,KXHIGHAUS-26JUL21-T95,less,95,100.0,8,3,99,5,buy_yes
2026-07-20T19:38:57.399455+00:00,Austin,KXHIGHAUS-26JUL21-T102,greater,102,100.0,28,4,97,24,buy_yes
2026-07-20T19:38:57.399538+00:00,Austin,KXHIGHAUS-26JUL20-T93,less,93,100.0,2,1,,1,none
2026-07-20T19:38:57.399599+00:00,Austin,KXHIGHAUS-26JUL20-T100,greater,100,100.0,50,4,97,46,buy_yes
2026-07-20T19:38:57.512802+00:00,Miami,KXHIGHMIA-26JUL21-T96,greater,96,90.0,4,2,99,2,none
2026-07-20T19:38:57.512992+00:00,Miami,KXHIGHMIA-26JUL21-T89,less,89,90.0,39,2,,37,buy_yes
2026-07-20T19:38:57.513079+00:00,Miami,KXHIGHMIA-26JUL20-T96,greater,96,90.0,4,1,,3,none
2026-07-20T19:38:57.513141+00:00,Miami,KXHIGHMIA-26JUL20-T89,less,89,90.0,39,1,,38,buy_yes
2026-07-20T23:53:47.011172+00:00,New York,KXHIGHNY-26JUL21-T86,greater,86,79.0,2,2,99,0,none
2026-07-20T23:53:47.011293+00:00,New York,KXHIGHNY-26JUL21-T79,less,79,79.0,50,59,42,8,buy_no
2026-07-20T23:53:47.011348+00:00,New York,KXHIGHNY-26JUL20-T84,greater,84,79.0,8,1,,7,buy_yes
2026-07-20T23:53:47.011393+00:00,New York,KXHIGHNY-26JUL20-T77,less,77,79.0,28,1,,27,buy_yes
2026-07-20T23:53:47.166994+00:00,Chicago,KXHIGHCHI-26JUL21-T91,greater,91,88.0,20,2,,18,buy_yes
2026-07-20T23:53:47.167122+00:00,Chicago,KXHIGHCHI-26JUL21-T84,less,84,88.0,13,24,77,10,buy_no
2026-07-20T23:53:47.167226+00:00,Chicago,KXHIGHCHI-26JUL20-T90,greater,90,88.0,28,1,,27,buy_yes
2026-07-20T23:53:47.167274+00:00,Chicago,KXHIGHCHI-26JUL20-T83,less,83,88.0,8,93,8,84,buy_no
2026-07-20T23:53:47.237814+00:00,Austin,KXHIGHAUS-26JUL21-T95,less,95,100.0,8,3,99,5,buy_yes
2026-07-20T23:53:47.237913+00:00,Austin,KXHIGHAUS-26JUL21-T102,greater,102,100.0,28,8,96,20,buy_yes
2026-07-20T23:53:47.237959+00:00,Austin,KXHIGHAUS-26JUL20-T93,less,93,100.0,2,1,,1,none
2026-07-20T23:53:47.237994+00:00,Austin,KXHIGHAUS-26JUL20-T100,greater,100,100.0,50,1,,49,buy_yes
2026-07-20T23:53:47.352816+00:00,Miami,KXHIGHMIA-26JUL21-T96,greater,96,90.0,4,2,99,2,none
2026-07-20T23:53:47.352908+00:00,Miami,KXHIGHMIA-26JUL21-T89,less,89,90.0,39,1,,38,buy_yes
2026-07-20T23:53:47.352951+00:00,Miami,KXHIGHMIA-26JUL20-T96,greater,96,90.0,4,1,,3,none
2026-07-20T23:53:47.352981+00:00,Miami,KXHIGHMIA-26JUL20-T89,less,89,90.0,39,1,,38,buy_yes
2026-07-21T08:19:54.686584+00:00,New York,KXHIGHNY-26JUL21-T86,greater,86,85.0,39,1,,38,buy_yes
2026-07-21T08:19:54.686827+00:00,New York,KXHIGHNY-26JUL21-T79,less,79,85.0,4,59,43,53,buy_no
2026-07-21T08:19:54.787035+00:00,Chicago,KXHIGHCHI-26JUL21-T91,greater,91,69.0,0,1,,-1,none
2026-07-21T08:19:54.787191+00:00,Chicago,KXHIGHCHI-26JUL21-T84,less,84,69.0,100,32,69,68,buy_yes
2026-07-21T08:19:54.905564+00:00,Austin,KXHIGHAUS-26JUL21-T95,less,95,103.0,1,1,,0,none
2026-07-21T08:19:54.905749+00:00,Austin,KXHIGHAUS-26JUL21-T102,greater,102,103.0,61,5,96,56,buy_yes
2026-07-21T08:19:54.960997+00:00,Miami,KXHIGHMIA-26JUL21-T96,greater,96,90.0,4,1,,3,none
2026-07-21T08:19:54.961163+00:00,Miami,KXHIGHMIA-26JUL21-T89,less,89,90.0,39,1,,38,buy_yes
2026-07-21T13:28:58.306754+00:00,New York,KXHIGHNY-26JUL21-T86,greater,86,85.0,39,1,,38,buy_yes
2026-07-21T13:28:58.306979+00:00,New York,KXHIGHNY-26JUL21-T79,less,79,85.0,4,53,49,47,buy_no
2026-07-21T13:28:58.438155+00:00,Chicago,KXHIGHCHI-26JUL21-T91,greater,91,69.0,0,1,,-1,none
2026-07-21T13:28:58.438345+00:00,Chicago,KXHIGHCHI-26JUL21-T84,less,84,69.0,100,6,95,94,buy_yes
2026-07-21T13:28:58.576415+00:00,Austin,KXHIGHAUS-26JUL21-T95,less,95,103.0,1,1,,0,none
2026-07-21T13:28:58.576640+00:00,Austin,KXHIGHAUS-26JUL21-T102,greater,102,103.0,61,12,89,49,buy_yes
2026-07-21T13:28:58.689846+00:00,Miami,KXHIGHMIA-26JUL21-T96,greater,96,90.0,4,1,,3,none
2026-07-21T13:28:58.690026+00:00,Miami,KXHIGHMIA-26JUL21-T89,less,89,90.0,39,1,,38,buy_yes
2026-07-21T19:13:37.689667+00:00,New York,KXHIGHNY-26JUL22-T91,greater,91,85.0,4,2,,2,none
2026-07-21T19:13:37.689869+00:00,New York,KXHIGHNY-26JUL22-T84,less,84,85.0,39,45,56,5,buy_no
2026-07-21T19:13:37.689978+00:00,New York,KXHIGHNY-26JUL21-T86,greater,86,85.0,39,1,,38,buy_yes
2026-07-21T19:13:37.690067+00:00,New York,KXHIGHNY-26JUL21-T79,less,79,85.0,4,1,,3,none
2026-07-21T19:13:37.750461+00:00,Chicago,KXHIGHCHI-26JUL22-T76,greater,76,74.0,28,14,87,14,buy_yes
2026-07-21T19:13:37.750630+00:00,Chicago,KXHIGHCHI-26JUL22-T69,less,69,74.0,8,4,97,4,buy_yes
2026-07-21T19:13:37.750719+00:00,Chicago,KXHIGHCHI-26JUL21-T91,greater,91,74.0,0,1,,-1,none
2026-07-21T19:13:37.750793+00:00,Chicago,KXHIGHCHI-26JUL21-T84,less,84,74.0,100,1,,99,buy_yes
2026-07-21T19:13:37.827312+00:00,Austin,KXHIGHAUS-26JUL22-T99,less,99,104.0,8,3,99,5,buy_yes
2026-07-21T19:13:37.827543+00:00,Austin,KXHIGHAUS-26JUL22-T106,greater,106,104.0,28,12,89,16,buy_yes
2026-07-21T19:13:37.827635+00:00,Austin,KXHIGHAUS-26JUL21-T95,less,95,104.0,1,1,,0,none
2026-07-21T19:13:37.827700+00:00,Austin,KXHIGHAUS-26JUL21-T102,greater,102,104.0,72,3,98,69,buy_yes
2026-07-21T19:13:37.886643+00:00,Miami,KXHIGHMIA-26JUL22-T95,greater,95,90.0,8,2,99,6,buy_yes
2026-07-21T19:13:37.886817+00:00,Miami,KXHIGHMIA-26JUL22-T88,less,88,90.0,28,1,,27,buy_yes
2026-07-21T19:13:37.886896+00:00,Miami,KXHIGHMIA-26JUL21-T96,greater,96,90.0,4,1,,3,none
2026-07-21T19:13:37.886959+00:00,Miami,KXHIGHMIA-26JUL21-T89,less,89,90.0,39,1,,38,buy_yes
2026-07-21T23:53:17.283697+00:00,New York,KXHIGHNY-26JUL22-T91,greater,91,83.0,1,1,,0,none
2026-07-21T23:53:17.283964+00:00,New York,KXHIGHNY-26JUL22-T84,less,84,83.0,61,40,61,21,buy_yes
2026-07-21T23:53:17.284109+00:00,New York,KXHIGHNY-26JUL21-T86,greater,86,83.0,20,1,,19,buy_yes
2026-07-21T23:53:17.284218+00:00,New York,KXHIGHNY-26JUL21-T79,less,79,83.0,13,1,,12,buy_yes
2026-07-21T23:53:17.320907+00:00,Chicago,KXHIGHCHI-26JUL22-T76,greater,76,74.0,28,13,89,15,buy_yes
2026-07-21T23:53:17.321059+00:00,Chicago,KXHIGHCHI-26JUL22-T69,less,69,74.0,8,3,98,5,buy_yes
2026-07-21T23:53:17.321172+00:00,Chicago,KXHIGHCHI-26JUL21-T91,greater,91,74.0,0,1,,-1,none
2026-07-21T23:53:17.321259+00:00,Chicago,KXHIGHCHI-26JUL21-T84,less,84,74.0,100,1,,99,buy_yes
2026-07-21T23:53:17.366455+00:00,Austin,KXHIGHAUS-26JUL22-T99,less,99,104.0,8,3,99,5,buy_yes
2026-07-21T23:53:17.366622+00:00,Austin,KXHIGHAUS-26JUL22-T106,greater,106,104.0,28,11,90,17,buy_yes
2026-07-21T23:53:17.366737+00:00,Austin,KXHIGHAUS-26JUL21-T95,less,95,104.0,1,1,,0,none
2026-07-21T23:53:17.366828+00:00,Austin,KXHIGHAUS-26JUL21-T102,greater,102,104.0,72,1,,71,buy_yes
2026-07-21T23:53:17.402561+00:00,Miami,KXHIGHMIA-26JUL22-T95,greater,95,90.0,8,2,99,6,buy_yes
2026-07-21T23:53:17.402720+00:00,Miami,KXHIGHMIA-26JUL22-T88,less,88,90.0,28,1,,27,buy_yes
2026-07-21T23:53:17.402826+00:00,Miami,KXHIGHMIA-26JUL21-T96,greater,96,90.0,4,1,,3,none
2026-07-21T23:53:17.402917+00:00,Miami,KXHIGHMIA-26JUL21-T89,less,89,90.0,39,1,,38,buy_yes
2026-07-22T08:20:53.166872+00:00,New York,KXHIGHNY-26JUL22-T91,greater,91,77.0,0,1,,-1,none
2026-07-22T08:20:53.167002+00:00,New York,KXHIGHNY-26JUL22-T84,less,84,77.0,98,24,77,74,buy_yes
2026-07-22T08:20:53.273370+00:00,Chicago,KXHIGHCHI-26JUL22-T76,greater,76,75.0,39,5,97,34,buy_yes
2026-07-22T08:20:53.273496+00:00,Chicago,KXHIGHCHI-26JUL22-T69,less,69,75.0,4,3,98,1,none
2026-07-22T08:20:53.423089+00:00,Austin,KXHIGHAUS-26JUL22-T99,less,99,101.0,28,1,,27,buy_yes
2026-07-22T08:20:53.423274+00:00,Austin,KXHIGHAUS-26JUL22-T106,greater,106,101.0,8,4,97,4,buy_yes
2026-07-22T08:20:53.519637+00:00,Miami,KXHIGHMIA-26JUL22-T95,greater,95,90.0,8,1,,7,buy_yes
2026-07-22T08:20:53.519771+00:00,Miami,KXHIGHMIA-26JUL22-T88,less,88,90.0,28,1,,27,buy_yes
2026-07-22T13:41:12.832293+00:00,New York,KXHIGHNY-26JUL22-T91,greater,91,77.0,0,1,,-1,none
2026-07-22T13:41:12.832526+00:00,New York,KXHIGHNY-26JUL22-T84,less,84,77.0,98,19,82,79,buy_yes
2026-07-22T13:41:12.871137+00:00,Chicago,KXHIGHCHI-26JUL22-T76,greater,76,75.0,39,2,99,37,buy_yes
2026-07-22T13:41:12.871337+00:00,Chicago,KXHIGHCHI-26JUL22-T69,less,69,75.0,4,1,,3,none
2026-07-22T13:41:12.915957+00:00,Austin,KXHIGHAUS-26JUL22-T99,less,99,101.0,28,1,,27,buy_yes
2026-07-22T13:41:12.916216+00:00,Austin,KXHIGHAUS-26JUL22-T106,greater,106,101.0,8,4,97,4,buy_yes
2026-07-22T13:41:12.959148+00:00,Miami,KXHIGHMIA-26JUL22-T95,greater,95,90.0,8,3,98,5,buy_yes
2026-07-22T13:41:12.959401+00:00,Miami,KXHIGHMIA-26JUL22-T88,less,88,90.0,28,1,,27,buy_yes
2026-07-22T19:08:02.449709+00:00,New York,KXHIGHNY-26JUL23-T86,greater,86,77.0,1,2,,-1,none
2026-07-22T19:08:02.449941+00:00,New York,KXHIGHNY-26JUL23-T79,less,79,77.0,72,19,85,53,buy_yes
2026-07-22T19:08:02.450033+00:00,New York,KXHIGHNY-26JUL22-T91,greater,91,77.0,0,1,,-1,none
2026-07-22T19:08:02.450106+00:00,New York,KXHIGHNY-26JUL22-T84,less,84,77.0,98,1,,97,buy_yes
2026-07-22T19:08:02.558124+00:00,Chicago,KXHIGHCHI-26JUL23-T83,greater,83,75.0,1,4,97,2,none
2026-07-22T19:08:02.558345+00:00,Chicago,KXHIGHCHI-26JUL23-T76,less,76,75.0,61,4,98,57,buy_yes
2026-07-22T19:08:02.558436+00:00,Chicago,KXHIGHCHI-26JUL22-T76,greater,76,75.0,39,1,,38,buy_yes
2026-07-22T19:08:02.558512+00:00,Chicago,KXHIGHCHI-26JUL22-T69,less,69,75.0,4,1,,3,none
2026-07-22T19:08:02.660689+00:00,Austin,KXHIGHAUS-26JUL23-T97,less,97,101.0,13,6,95,7,buy_yes
2026-07-22T19:08:02.660890+00:00,Austin,KXHIGHAUS-26JUL23-T104,greater,104,101.0,20,2,99,18,buy_yes
2026-07-22T19:08:02.660969+00:00,Austin,KXHIGHAUS-26JUL22-T99,less,99,101.0,28,1,,27,buy_yes
2026-07-22T19:08:02.661034+00:00,Austin,KXHIGHAUS-26JUL22-T106,greater,106,101.0,8,2,99,6,buy_yes
2026-07-22T19:08:02.762774+00:00,Miami,KXHIGHMIA-26JUL23-T95,greater,95,90.0,8,2,99,6,buy_yes
2026-07-22T19:08:02.762969+00:00,Miami,KXHIGHMIA-26JUL23-T88,less,88,90.0,28,1,,27,buy_yes
2026-07-22T19:08:02.763044+00:00,Miami,KXHIGHMIA-26JUL22-T95,greater,95,90.0,8,1,,7,buy_yes
2026-07-22T19:08:02.763106+00:00,Miami,KXHIGHMIA-26JUL22-T88,less,88,90.0,28,1,,27,buy_yes
2026-07-22T23:58:37.198543+00:00,New York,KXHIGHNY-26JUL23-T86,greater,86,77.0,1,3,,-2,none
2026-07-22T23:58:37.198758+00:00,New York,KXHIGHNY-26JUL23-T79,less,79,77.0,72,15,86,57,buy_yes
2026-07-22T23:58:37.198882+00:00,New York,KXHIGHNY-26JUL22-T91,greater,91,77.0,0,1,,-1,none
2026-07-22T23:58:37.198966+00:00,New York,KXHIGHNY-26JUL22-T84,less,84,77.0,98,1,,97,buy_yes
2026-07-22T23:58:37.253690+00:00,Chicago,KXHIGHCHI-26JUL23-T83,greater,83,76.0,2,4,98,0,none
2026-07-22T23:58:37.253885+00:00,Chicago,KXHIGHCHI-26JUL23-T76,less,76,76.0,50,3,99,47,buy_yes
2026-07-22T23:58:37.253986+00:00,Chicago,KXHIGHCHI-26JUL22-T76,greater,76,76.0,50,1,,49,buy_yes
2026-07-22T23:58:37.254079+00:00,Chicago,KXHIGHCHI-26JUL22-T69,less,69,76.0,2,1,,1,none
2026-07-22T23:58:37.301263+00:00,Austin,KXHIGHAUS-26JUL23-T97,less,97,101.0,13,6,98,7,buy_yes
2026-07-22T23:58:37.301426+00:00,Austin,KXHIGHAUS-26JUL23-T104,greater,104,101.0,20,2,,18,buy_yes
2026-07-22T23:58:37.301519+00:00,Austin,KXHIGHAUS-26JUL22-T99,less,99,101.0,28,1,,27,buy_yes
2026-07-22T23:58:37.301588+00:00,Austin,KXHIGHAUS-26JUL22-T106,greater,106,101.0,8,1,,7,buy_yes
2026-07-22T23:58:37.334236+00:00,Miami,KXHIGHMIA-26JUL23-T95,greater,95,89.0,4,2,99,2,none
2026-07-22T23:58:37.334378+00:00,Miami,KXHIGHMIA-26JUL23-T88,less,88,89.0,39,1,,38,buy_yes
2026-07-22T23:58:37.334457+00:00,Miami,KXHIGHMIA-26JUL22-T95,greater,95,89.0,4,1,,3,none
2026-07-22T23:58:37.334518+00:00,Miami,KXHIGHMIA-26JUL22-T88,less,88,89.0,39,1,,38,buy_yes
2026-07-23T08:22:58.003230+00:00,New York,KXHIGHNY-26JUL23-T86,greater,86,79.0,2,1,,1,none
2026-07-23T08:22:58.003451+00:00,New York,KXHIGHNY-26JUL23-T79,less,79,79.0,50,20,89,30,buy_yes
2026-07-23T08:22:58.049738+00:00,Chicago,KXHIGHCHI-26JUL23-T83,greater,83,77.0,4,3,98,1,none
2026-07-23T08:22:58.049881+00:00,Chicago,KXHIGHCHI-26JUL23-T76,less,76,77.0,39,4,98,35,buy_yes
2026-07-23T08:22:58.095733+00:00,Austin,KXHIGHAUS-26JUL23-T97,less,97,98.0,39,3,98,36,buy_yes
2026-07-23T08:22:58.095881+00:00,Austin,KXHIGHAUS-26JUL23-T104,greater,104,98.0,4,1,,3,none
2026-07-23T08:22:58.165562+00:00,Miami,KXHIGHMIA-26JUL23-T95,greater,95,89.0,4,2,99,2,none
2026-07-23T08:22:58.165724+00:00,Miami,KXHIGHMIA-26JUL23-T88,less,88,89.0,39,1,,38,buy_yes
2026-07-23T13:47:01.968963+00:00,New York,KXHIGHNY-26JUL23-T86,greater,86,79.0,2,1,,1,none
2026-07-23T13:47:01.969146+00:00,New York,KXHIGHNY-26JUL23-T79,less,79,79.0,50,8,93,42,buy_yes
2026-07-23T13:47:02.069502+00:00,Chicago,KXHIGHCHI-26JUL23-T83,greater,83,77.0,4,2,99,2,none
2026-07-23T13:47:02.069703+00:00,Chicago,KXHIGHCHI-26JUL23-T76,less,76,77.0,39,6,95,33,buy_yes
2026-07-23T13:47:02.102717+00:00,Austin,KXHIGHAUS-26JUL23-T97,less,97,98.0,39,3,99,36,buy_yes
2026-07-23T13:47:02.102896+00:00,Austin,KXHIGHAUS-26JUL23-T104,greater,104,98.0,4,1,,3,none
2026-07-23T13:47:02.216652+00:00,Miami,KXHIGHMIA-26JUL23-T95,greater,95,89.0,4,1,,3,none
2026-07-23T13:47:02.216824+00:00,Miami,KXHIGHMIA-26JUL23-T88,less,88,89.0,39,1,,38,buy_yes
2026-07-23T19:08:07.461446+00:00,New York,KXHIGHNY-26JUL24-T88,greater,88,83.0,8,2,,6,buy_yes
2026-07-23T19:08:07.461660+00:00,New York,KXHIGHNY-26JUL24-T81,less,81,83.0,28,18,84,10,buy_yes
2026-07-23T19:08:07.461746+00:00,New York,KXHIGHNY-26JUL23-T86,greater,86,83.0,20,1,,19,buy_yes
2026-07-23T19:08:07.461824+00:00,New York,KXHIGHNY-26JUL23-T79,less,79,83.0,13,1,,12,buy_yes
2026-07-23T19:08:07.520536+00:00,Chicago,KXHIGHCHI-26JUL24-T85,greater,85,79.0,4,4,97,0,none
2026-07-23T19:08:07.520702+00:00,Chicago,KXHIGHCHI-26JUL24-T78,less,78,79.0,39,12,90,27,buy_yes
2026-07-23T19:08:07.520792+00:00,Chicago,KXHIGHCHI-26JUL23-T83,greater,83,79.0,13,1,,12,buy_yes
2026-07-23T19:08:07.520869+00:00,Chicago,KXHIGHCHI-26JUL23-T76,less,76,79.0,20,1,,19,buy_yes
2026-07-23T19:08:07.587975+00:00,Austin,KXHIGHAUS-26JUL24-T93,less,93,98.0,8,10,95,-2,none
2026-07-23T19:08:07.588189+00:00,Austin,KXHIGHAUS-26JUL24-T100,greater,100,98.0,28,2,99,26,buy_yes
2026-07-23T19:08:07.588280+00:00,Austin,KXHIGHAUS-26JUL23-T97,less,97,98.0,39,1,,38,buy_yes
2026-07-23T19:08:07.588347+00:00,Austin,KXHIGHAUS-26JUL23-T104,greater,104,98.0,4,1,,3,none
2026-07-23T19:08:07.673579+00:00,Miami,KXHIGHMIA-26JUL24-T94,greater,94,89.0,8,4,97,4,buy_yes
2026-07-23T19:08:07.673780+00:00,Miami,KXHIGHMIA-26JUL24-T87,less,87,89.0,28,2,99,26,buy_yes
2026-07-23T19:08:07.673860+00:00,Miami,KXHIGHMIA-26JUL23-T95,greater,95,89.0,4,1,,3,none
2026-07-23T19:08:07.673924+00:00,Miami,KXHIGHMIA-26JUL23-T88,less,88,89.0,39,1,,38,buy_yes
2026-07-23T23:56:18.112816+00:00,New York,KXHIGHNY-26JUL24-T88,greater,88,83.0,8,2,,6,buy_yes
2026-07-23T23:56:18.113017+00:00,New York,KXHIGHNY-26JUL24-T81,less,81,83.0,28,17,84,11,buy_yes
2026-07-23T23:56:18.113119+00:00,New York,KXHIGHNY-26JUL23-T86,greater,86,83.0,20,1,,19,buy_yes
2026-07-23T23:56:18.113210+00:00,New York,KXHIGHNY-26JUL23-T79,less,79,83.0,13,1,,12,buy_yes
2026-07-23T23:56:18.160978+00:00,Chicago,KXHIGHCHI-26JUL24-T85,greater,85,79.0,4,4,97,0,none
2026-07-23T23:56:18.161094+00:00,Chicago,KXHIGHCHI-26JUL24-T78,less,78,79.0,39,6,95,33,buy_yes
2026-07-23T23:56:18.161189+00:00,Chicago,KXHIGHCHI-26JUL23-T83,greater,83,79.0,13,1,,12,buy_yes
2026-07-23T23:56:18.161277+00:00,Chicago,KXHIGHCHI-26JUL23-T76,less,76,79.0,20,1,,19,buy_yes
2026-07-23T23:56:18.212821+00:00,Austin,KXHIGHAUS-26JUL24-T93,less,93,96.0,20,9,95,11,buy_yes
2026-07-23T23:56:18.212923+00:00,Austin,KXHIGHAUS-26JUL24-T100,greater,100,96.0,13,2,99,11,buy_yes
2026-07-23T23:56:18.213006+00:00,Austin,KXHIGHAUS-26JUL23-T97,less,97,96.0,61,1,,60,buy_yes
2026-07-23T23:56:18.213085+00:00,Austin,KXHIGHAUS-26JUL23-T104,greater,104,96.0,1,1,,0,none
2026-07-23T23:56:18.269070+00:00,Miami,KXHIGHMIA-26JUL24-T94,greater,94,89.0,8,2,99,6,buy_yes
2026-07-23T23:56:18.269276+00:00,Miami,KXHIGHMIA-26JUL24-T87,less,87,89.0,28,2,99,26,buy_yes
2026-07-23T23:56:18.269457+00:00,Miami,KXHIGHMIA-26JUL23-T95,greater,95,89.0,4,1,,3,none
2026-07-23T23:56:18.269596+00:00,Miami,KXHIGHMIA-26JUL23-T88,less,88,89.0,39,1,,38,buy_yes
2026-07-24T08:19:19.157484+00:00,New York,KXHIGHNY-26JUL24-T88,greater,88,78.0,0,1,,-1,none
2026-07-24T08:19:19.157694+00:00,New York,KXHIGHNY-26JUL24-T81,less,81,78.0,80,15,86,65,buy_yes
2026-07-24T08:19:19.225140+00:00,Chicago,KXHIGHCHI-26JUL24-T85,greater,85,81.0,13,3,98,10,buy_yes
2026-07-24T08:19:19.225310+00:00,Chicago,KXHIGHCHI-26JUL24-T78,less,78,81.0,20,8,94,12,buy_yes
2026-07-24T08:19:19.296315+00:00,Austin,KXHIGHAUS-26JUL24-T93,less,93,98.0,8,5,97,3,none
2026-07-24T08:19:19.296479+00:00,Austin,KXHIGHAUS-26JUL24-T100,greater,100,98.0,28,2,99,26,buy_yes
2026-07-24T08:19:19.362311+00:00,Miami,KXHIGHMIA-26JUL24-T94,greater,94,90.0,13,1,,12,buy_yes
2026-07-24T08:19:19.362496+00:00,Miami,KXHIGHMIA-26JUL24-T87,less,87,90.0,20,1,,19,buy_yes
2026-07-24T13:27:02.808196+00:00,New York,KXHIGHNY-26JUL24-T88,greater,88,78.0,0,1,,-1,none
2026-07-24T13:27:02.808388+00:00,New York,KXHIGHNY-26JUL24-T81,less,81,78.0,80,25,78,55,buy_yes
2026-07-24T13:27:02.921261+00:00,Chicago,KXHIGHCHI-26JUL24-T85,greater,85,81.0,13,1,,12,buy_yes
2026-07-24T13:27:02.921393+00:00,Chicago,KXHIGHCHI-26JUL24-T78,less,78,81.0,20,7,94,13,buy_yes
2026-07-24T13:27:02.983638+00:00,Austin,KXHIGHAUS-26JUL24-T93,less,93,98.0,8,3,98,5,buy_yes
2026-07-24T13:27:02.983778+00:00,Austin,KXHIGHAUS-26JUL24-T100,greater,100,98.0,28,2,99,26,buy_yes
2026-07-24T13:27:03.136923+00:00,Miami,KXHIGHMIA-26JUL24-T94,greater,94,90.0,13,3,98,10,buy_yes
2026-07-24T13:27:03.137078+00:00,Miami,KXHIGHMIA-26JUL24-T87,less,87,90.0,20,1,,19,buy_yes
2026-07-24T19:18:37.846892+00:00,New York,KXHIGHNY-26JUL25-T87,greater,87,78.0,1,2,,-1,none
2026-07-24T19:18:37.847118+00:00,New York,KXHIGHNY-26JUL25-T80,less,80,78.0,72,11,90,61,buy_yes
2026-07-24T19:18:37.847211+00:00,New York,KXHIGHNY-26JUL24-T88,greater,88,78.0,0,1,,-1,none
2026-07-24T19:18:37.847309+00:00,New York,KXHIGHNY-26JUL24-T81,less,81,78.0,80,1,,79,buy_yes
2026-07-24T19:18:37.911805+00:00,Chicago,KXHIGHCHI-26JUL25-T87,greater,87,80.0,2,3,98,0,none
2026-07-24T19:18:37.911982+00:00,Chicago,KXHIGHCHI-26JUL25-T80,less,80,80.0,50,9,92,41,buy_yes
2026-07-24T19:18:37.912070+00:00,Chicago,KXHIGHCHI-26JUL24-T85,greater,85,80.0,8,1,,7,buy_yes
2026-07-24T19:18:37.912145+00:00,Chicago,KXHIGHCHI-26JUL24-T78,less,78,80.0,28,1,,27,buy_yes
2026-07-24T19:18:37.985641+00:00,Austin,KXHIGHAUS-26JUL25-T95,less,95,98.0,20,9,92,11,buy_yes
2026-07-24T19:18:37.985840+00:00,Austin,KXHIGHAUS-26JUL25-T102,greater,102,98.0,13,3,99,10,buy_yes
2026-07-24T19:18:37.985919+00:00,Austin,KXHIGHAUS-26JUL24-T93,less,93,98.0,8,1,,7,buy_yes
2026-07-24T19:18:37.985987+00:00,Austin,KXHIGHAUS-26JUL24-T100,greater,100,98.0,28,1,,27,buy_yes
2026-07-24T19:18:38.075857+00:00,Miami,KXHIGHMIA-26JUL25-T95,greater,95,89.0,4,2,99,2,none
2026-07-24T19:18:38.076032+00:00,Miami,KXHIGHMIA-26JUL25-T88,less,88,89.0,39,2,99,37,buy_yes
2026-07-24T19:18:38.076111+00:00,Miami,KXHIGHMIA-26JUL24-T94,greater,94,89.0,8,1,,7,buy_yes
2026-07-24T19:18:38.076175+00:00,Miami,KXHIGHMIA-26JUL24-T87,less,87,89.0,28,1,,27,buy_yes
2026-07-24T23:59:09.553117+00:00,New York,KXHIGHNY-26JUL25-T87,greater,87,79.0,1,1,,0,none
2026-07-24T23:59:09.553307+00:00,New York,KXHIGHNY-26JUL25-T80,less,80,79.0,61,11,90,50,buy_yes
2026-07-24T23:59:09.553414+00:00,New York,KXHIGHNY-26JUL24-T88,greater,88,79.0,1,1,,0,none
2026-07-24T23:59:09.553503+00:00,New York,KXHIGHNY-26JUL24-T81,less,81,79.0,72,1,,71,buy_yes
2026-07-24T23:59:09.590287+00:00,Chicago,KXHIGHCHI-26JUL25-T87,greater,87,80.0,2,3,98,0,none
2026-07-24T23:59:09.590416+00:00,Chicago,KXHIGHCHI-26JUL25-T80,less,80,80.0,50,8,93,42,buy_yes
2026-07-24T23:59:09.590521+00:00,Chicago,KXHIGHCHI-26JUL24-T85,greater,85,80.0,8,1,,7,buy_yes
2026-07-24T23:59:09.590618+00:00,Chicago,KXHIGHCHI-26JUL24-T78,less,78,80.0,28,1,,27,buy_yes
2026-07-24T23:59:09.655130+00:00,Austin,KXHIGHAUS-26JUL25-T95,less,95,97.0,28,5,96,23,buy_yes
2026-07-24T23:59:09.655299+00:00,Austin,KXHIGHAUS-26JUL25-T102,greater,102,97.0,8,3,99,5,buy_yes
2026-07-24T23:59:09.655409+00:00,Austin,KXHIGHAUS-26JUL24-T93,less,93,97.0,13,1,,12,buy_yes
2026-07-24T23:59:09.655491+00:00,Austin,KXHIGHAUS-26JUL24-T100,greater,100,97.0,20,1,,19,buy_yes
2026-07-24T23:59:09.753766+00:00,Miami,KXHIGHMIA-26JUL25-T95,greater,95,89.0,4,2,99,2,none
2026-07-24T23:59:09.753885+00:00,Miami,KXHIGHMIA-26JUL25-T88,less,88,89.0,39,1,,38,buy_yes
2026-07-24T23:59:09.754067+00:00,Miami,KXHIGHMIA-26JUL24-T94,greater,94,89.0,8,1,,7,buy_yes
2026-07-24T23:59:09.754200+00:00,Miami,KXHIGHMIA-26JUL24-T87,less,87,89.0,28,1,,27,buy_yes
2026-07-25T08:00:32.664245+00:00,New York,KXHIGHNY-26JUL25-T87,greater,87,80.0,2,1,,1,none
2026-07-25T08:00:32.664463+00:00,New York,KXHIGHNY-26JUL25-T80,less,80,80.0,50,14,88,36,buy_yes
2026-07-25T08:00:32.806163+00:00,Chicago,KXHIGHCHI-26JUL25-T87,greater,87,89.0,72,3,98,69,buy_yes
2026-07-25T08:00:32.806450+00:00,Chicago,KXHIGHCHI-26JUL25-T80,less,80,89.0,1,48,53,46,buy_no
2026-07-25T08:00:32.914480+00:00,Austin,KXHIGHAUS-26JUL25-T95,less,95,100.0,8,5,98,3,none
2026-07-25T08:00:32.914687+00:00,Austin,KXHIGHAUS-26JUL25-T102,greater,102,100.0,28,3,98,25,buy_yes
2026-07-25T08:00:32.971066+00:00,Miami,KXHIGHMIA-26JUL25-T95,greater,95,90.0,8,3,98,5,buy_yes
2026-07-25T08:00:32.971298+00:00,Miami,KXHIGHMIA-26JUL25-T88,less,88,90.0,28,2,99,26,buy_yes
2026-07-25T13:15:13.800339+00:00,New York,KXHIGHNY-26JUL25-T87,greater,87,80.0,2,1,,1,none
2026-07-25T13:15:13.800543+00:00,New York,KXHIGHNY-26JUL25-T80,less,80,80.0,50,5,96,45,buy_yes
2026-07-25T13:15:13.876182+00:00,Chicago,KXHIGHCHI-26JUL25-T87,greater,87,89.0,72,1,,71,buy_yes
2026-07-25T13:15:13.876394+00:00,Chicago,KXHIGHCHI-26JUL25-T80,less,80,89.0,1,50,54,45,buy_no
2026-07-25T13:15:13.900786+00:00,Austin,KXHIGHAUS-26JUL25-T95,less,95,100.0,8,2,99,6,buy_yes
2026-07-25T13:15:13.900919+00:00,Austin,KXHIGHAUS-26JUL25-T102,greater,102,100.0,28,1,,27,buy_yes
2026-07-25T13:15:13.945690+00:00,Miami,KXHIGHMIA-26JUL25-T95,greater,95,90.0,8,1,,7,buy_yes
2026-07-25T13:15:13.945845+00:00,Miami,KXHIGHMIA-26JUL25-T88,less,88,90.0,28,1,,27,buy_yes
2026-07-25T19:02:01.631043+00:00,New York,KXHIGHNY-26JUL26-T88,greater,88,82.0,4,3,98,1,none
2026-07-25T19:02:01.631216+00:00,New York,KXHIGHNY-26JUL26-T81,less,81,82.0,39,14,90,25,buy_yes
2026-07-25T19:02:01.631343+00:00,New York,KXHIGHNY-26JUL25-T87,greater,87,82.0,8,1,,7,buy_yes
2026-07-25T19:02:01.631447+00:00,New York,KXHIGHNY-26JUL25-T80,less,80,82.0,28,1,,27,buy_yes
2026-07-25T19:02:01.767513+00:00,Chicago,KXHIGHCHI-26JUL26-T96,greater,96,90.0,4,4,98,0,none
2026-07-25T19:02:01.767624+00:00,Chicago,KXHIGHCHI-26JUL26-T89,less,89,90.0,39,22,80,17,buy_yes
2026-07-25T19:02:01.767726+00:00,Chicago,KXHIGHCHI-26JUL25-T87,greater,87,90.0,80,1,,79,buy_yes
2026-07-25T19:02:01.767823+00:00,Chicago,KXHIGHCHI-26JUL25-T80,less,80,90.0,0,56,47,53,buy_no
2026-07-25T19:02:01.797418+00:00,Austin,KXHIGHAUS-26JUL26-T96,less,96,99.0,20,14,87,6,buy_yes
2026-07-25T19:02:01.797521+00:00,Austin,KXHIGHAUS-26JUL26-T103,greater,103,99.0,13,3,99,10,buy_yes
2026-07-25T19:02:01.797611+00:00,Austin,KXHIGHAUS-26JUL25-T95,less,95,99.0,13,1,,12,buy_yes
2026-07-25T19:02:01.797689+00:00,Austin,KXHIGHAUS-26JUL25-T102,greater,102,99.0,20,1,,19,buy_yes
2026-07-25T19:02:01.911180+00:00,Miami,KXHIGHMIA-26JUL26-T94,greater,94,90.0,13,6,95,7,buy_yes
2026-07-25T19:02:01.911311+00:00,Miami,KXHIGHMIA-26JUL26-T87,less,87,90.0,20,2,99,18,buy_yes
2026-07-25T19:02:01.911448+00:00,Miami,KXHIGHMIA-26JUL25-T95,greater,95,90.0,8,1,,7,buy_yes
2026-07-25T19:02:01.911546+00:00,Miami,KXHIGHMIA-26JUL25-T88,less,88,90.0,28,1,,27,buy_yes
2026-07-25T23:56:13.150339+00:00,New York,KXHIGHNY-26JUL26-T88,greater,88,82.0,4,2,99,2,none
2026-07-25T23:56:13.150513+00:00,New York,KXHIGHNY-26JUL26-T81,less,81,82.0,39,11,90,28,buy_yes
2026-07-25T23:56:13.150617+00:00,New York,KXHIGHNY-26JUL25-T87,greater,87,82.0,8,1,,7,buy_yes
2026-07-25T23:56:13.150709+00:00,New York,KXHIGHNY-26JUL25-T80,less,80,82.0,28,1,,27,buy_yes
2026-07-25T23:56:13.216820+00:00,Chicago,KXHIGHCHI-26JUL26-T96,greater,96,90.0,4,3,98,1,none
2026-07-25T23:56:13.216942+00:00,Chicago,KXHIGHCHI-26JUL26-T89,less,89,90.0,39,22,80,17,buy_yes
2026-07-25T23:56:13.217038+00:00,Chicago,KXHIGHCHI-26JUL25-T87,greater,87,90.0,80,1,,79,buy_yes
2026-07-25T23:56:13.217131+00:00,Chicago,KXHIGHCHI-26JUL25-T80,less,80,90.0,0,99,2,98,buy_no
2026-07-25T23:56:13.279982+00:00,Austin,KXHIGHAUS-26JUL26-T96,less,96,99.0,20,4,97,16,buy_yes
2026-07-25T23:56:13.280119+00:00,Austin,KXHIGHAUS-26JUL26-T103,greater,103,99.0,13,2,,11,buy_yes
2026-07-25T23:56:13.280248+00:00,Austin,KXHIGHAUS-26JUL25-T95,less,95,99.0,13,1,,12,buy_yes
2026-07-25T23:56:13.280344+00:00,Austin,KXHIGHAUS-26JUL25-T102,greater,102,99.0,20,1,,19,buy_yes
2026-07-25T23:56:13.344865+00:00,Miami,KXHIGHMIA-26JUL26-T94,greater,94,90.0,13,5,96,8,buy_yes
2026-07-25T23:56:13.345004+00:00,Miami,KXHIGHMIA-26JUL26-T87,less,87,90.0,20,2,99,18,buy_yes
2026-07-25T23:56:13.345101+00:00,Miami,KXHIGHMIA-26JUL25-T95,greater,95,90.0,8,1,,7,buy_yes
2026-07-25T23:56:13.345205+00:00,Miami,KXHIGHMIA-26JUL25-T88,less,88,90.0,28,1,,27,buy_yes
2026-07-26T08:20:04.433558+00:00,New York,KXHIGHNY-26JUL26-T88,greater,88,80.0,1,1,,0,none
2026-07-26T08:20:04.433812+00:00,New York,KXHIGHNY-26JUL26-T81,less,81,80.0,61,3,98,58,buy_yes
2026-07-26T08:20:04.487795+00:00,Chicago,KXHIGHCHI-26JUL26-T96,greater,96,90.0,4,2,99,2,none
2026-07-26T08:20:04.488052+00:00,Chicago,KXHIGHCHI-26JUL26-T89,less,89,90.0,39,14,87,25,buy_yes
2026-07-26T08:20:04.539704+00:00,Austin,KXHIGHAUS-26JUL26-T96,less,96,99.0,20,3,98,17,buy_yes
2026-07-26T08:20:04.539934+00:00,Austin,KXHIGHAUS-26JUL26-T103,greater,103,99.0,13,1,,12,buy_yes
2026-07-26T08:20:04.582769+00:00,Miami,KXHIGHMIA-26JUL26-T94,greater,94,89.0,8,5,96,3,none
2026-07-26T08:20:04.582988+00:00,Miami,KXHIGHMIA-26JUL26-T87,less,87,89.0,28,1,,27,buy_yes
2026-07-26T13:10:25.119474+00:00,New York,KXHIGHNY-26JUL26-T88,greater,88,80.0,1,1,,0,none
2026-07-26T13:10:25.119649+00:00,New York,KXHIGHNY-26JUL26-T81,less,81,80.0,61,3,98,58,buy_yes
2026-07-26T13:10:25.167630+00:00,Chicago,KXHIGHCHI-26JUL26-T96,greater,96,90.0,4,1,,3,none
2026-07-26T13:10:25.167755+00:00,Chicago,KXHIGHCHI-26JUL26-T89,less,89,90.0,39,16,85,23,buy_yes
2026-07-26T13:10:25.213364+00:00,Austin,KXHIGHAUS-26JUL26-T96,less,96,99.0,20,3,98,17,buy_yes
2026-07-26T13:10:25.213497+00:00,Austin,KXHIGHAUS-26JUL26-T103,greater,103,99.0,13,1,,12,buy_yes
2026-07-26T13:10:25.253427+00:00,Miami,KXHIGHMIA-26JUL26-T94,greater,94,89.0,8,7,94,1,none
2026-07-26T13:10:25.253578+00:00,Miami,KXHIGHMIA-26JUL26-T87,less,87,89.0,28,1,,27,buy_yes
2026-07-26T19:04:08.156282+00:00,New York,KXHIGHNY-26JUL27-T88,greater,88,80.0,1,2,,-1,none
2026-07-26T19:04:08.156484+00:00,New York,KXHIGHNY-26JUL27-T81,less,81,80.0,61,16,85,45,buy_yes
2026-07-26T19:04:08.156597+00:00,New York,KXHIGHNY-26JUL26-T88,greater,88,80.0,1,1,,0,none
2026-07-26T19:04:08.156689+00:00,New York,KXHIGHNY-26JUL26-T81,less,81,80.0,61,1,,60,buy_yes
2026-07-26T19:04:08.266799+00:00,Chicago,KXHIGHCHI-26JUL27-T97,greater,97,90.0,2,2,,0,none
2026-07-26T19:04:08.266981+00:00,Chicago,KXHIGHCHI-26JUL27-T90,less,90,90.0,50,59,42,8,buy_no
2026-07-26T19:04:08.267081+00:00,Chicago,KXHIGHCHI-26JUL26-T96,greater,96,90.0,4,1,,3,none
2026-07-26T19:04:08.267166+00:00,Chicago,KXHIGHCHI-26JUL26-T89,less,89,90.0,39,1,,38,buy_yes
2026-07-26T19:04:08.308168+00:00,Austin,KXHIGHAUS-26JUL27-T96,less,96,99.0,20,9,93,11,buy_yes
2026-07-26T19:04:08.308362+00:00,Austin,KXHIGHAUS-26JUL27-T103,greater,103,99.0,13,2,99,11,buy_yes
2026-07-26T19:04:08.308460+00:00,Austin,KXHIGHAUS-26JUL26-T96,less,96,99.0,20,4,97,16,buy_yes
2026-07-26T19:04:08.308545+00:00,Austin,KXHIGHAUS-26JUL26-T103,greater,103,99.0,13,1,,12,buy_yes
2026-07-26T19:04:08.433978+00:00,Miami,KXHIGHMIA-26JUL27-T94,greater,94,89.0,8,6,95,2,none
2026-07-26T19:04:08.434136+00:00,Miami,KXHIGHMIA-26JUL27-T87,less,87,89.0,28,2,99,26,buy_yes
2026-07-26T19:04:08.434233+00:00,Miami,KXHIGHMIA-26JUL26-T94,greater,94,89.0,8,1,,7,buy_yes
2026-07-26T19:04:08.434348+00:00,Miami,KXHIGHMIA-26JUL26-T87,less,87,89.0,28,1,,27,buy_yes
2026-07-26T23:56:38.437351+00:00,New York,KXHIGHNY-26JUL27-T88,greater,88,80.0,1,2,,-1,none
2026-07-26T23:56:38.437556+00:00,New York,KXHIGHNY-26JUL27-T81,less,81,80.0,61,14,87,47,buy_yes
2026-07-26T23:56:38.437646+00:00,New York,KXHIGHNY-26JUL26-T88,greater,88,80.0,1,1,,0,none
2026-07-26T23:56:38.437709+00:00,New York,KXHIGHNY-26JUL26-T81,less,81,80.0,61,1,,60,buy_yes
2026-07-26T23:56:38.499422+00:00,Chicago,KXHIGHCHI-26JUL27-T97,greater,97,87.0,0,2,,-2,none
2026-07-26T23:56:38.499614+00:00,Chicago,KXHIGHCHI-26JUL27-T90,less,90,87.0,80,46,56,34,buy_yes
2026-07-26T23:56:38.499692+00:00,Chicago,KXHIGHCHI-26JUL26-T96,greater,96,87.0,1,1,,0,none
2026-07-26T23:56:38.499749+00:00,Chicago,KXHIGHCHI-26JUL26-T89,less,89,87.0,72,1,,71,buy_yes
2026-07-26T23:56:38.617926+00:00,Austin,KXHIGHAUS-26JUL27-T96,less,96,99.0,20,5,96,15,buy_yes
2026-07-26T23:56:38.618078+00:00,Austin,KXHIGHAUS-26JUL27-T103,greater,103,99.0,13,2,99,11,buy_yes
2026-07-26T23:56:38.618142+00:00,Austin,KXHIGHAUS-26JUL26-T96,less,96,99.0,20,1,,19,buy_yes
2026-07-26T23:56:38.618193+00:00,Austin,KXHIGHAUS-26JUL26-T103,greater,103,99.0,13,1,,12,buy_yes
2026-07-26T23:56:38.682895+00:00,Miami,KXHIGHMIA-26JUL27-T94,greater,94,89.0,8,6,95,2,none
2026-07-26T23:56:38.683021+00:00,Miami,KXHIGHMIA-26JUL27-T87,less,87,89.0,28,2,99,26,buy_yes
2026-07-26T23:56:38.683081+00:00,Miami,KXHIGHMIA-26JUL26-T94,greater,94,89.0,8,1,,7,buy_yes
2026-07-26T23:56:38.683130+00:00,Miami,KXHIGHMIA-26JUL26-T87,less,87,89.0,28,1,,27,buy_yes
2026-07-27T09:41:45.135765+00:00,New York,KXHIGHNY-26JUL27-T88,greater,88,78.0,0,1,,-1,none
2026-07-27T09:41:45.135947+00:00,New York,KXHIGHNY-26JUL27-T81,less,81,78.0,80,7,94,73,buy_yes
2026-07-27T09:41:45.162674+00:00,Chicago,KXHIGHCHI-26JUL27-T97,greater,97,74.0,0,1,,-1,none
2026-07-27T09:41:45.162778+00:00,Chicago,KXHIGHCHI-26JUL27-T90,less,90,74.0,100,53,49,47,buy_yes
2026-07-27T09:41:45.215910+00:00,Austin,KXHIGHAUS-26JUL27-T96,less,96,100.0,13,2,99,11,buy_yes
2026-07-27T09:41:45.216036+00:00,Austin,KXHIGHAUS-26JUL27-T103,greater,103,100.0,20,3,98,17,buy_yes
2026-07-27T09:41:45.347078+00:00,Miami,KXHIGHMIA-26JUL27-T94,greater,94,90.0,13,5,96,8,buy_yes
2026-07-27T09:41:45.347228+00:00,Miami,KXHIGHMIA-26JUL27-T87,less,87,90.0,20,3,98,17,buy_yes
2026-07-27T14:22:35.495757+00:00,New York,KXHIGHNY-26JUL28-T84,greater,84,78.0,4,7,94,2,none
2026-07-27T14:22:35.495915+00:00,New York,KXHIGHNY-26JUL28-T77,less,77,78.0,39,30,71,9,buy_yes
2026-07-27T14:22:35.496023+00:00,New York,KXHIGHNY-26JUL27-T88,greater,88,78.0,0,1,,-1,none
2026-07-27T14:22:35.496111+00:00,New York,KXHIGHNY-26JUL27-T81,less,81,78.0,80,5,97,75,buy_yes
2026-07-27T14:22:35.548883+00:00,Chicago,KXHIGHCHI-26JUL28-T82,greater,82,74.0,1,20,81,18,buy_no
2026-07-27T14:22:35.548992+00:00,Chicago,KXHIGHCHI-26JUL28-T75,less,75,74.0,61,5,98,56,buy_yes
2026-07-27T14:22:35.549086+00:00,Chicago,KXHIGHCHI-26JUL27-T97,greater,97,74.0,0,4,97,3,none
2026-07-27T14:22:35.549200+00:00,Chicago,KXHIGHCHI-26JUL27-T90,less,90,74.0,100,42,60,58,buy_yes
2026-07-27T14:22:35.606828+00:00,Austin,KXHIGHAUS-26JUL28-T97,less,97,100.0,20,11,90,9,buy_yes
2026-07-27T14:22:35.606930+00:00,Austin,KXHIGHAUS-26JUL28-T104,greater,104,100.0,13,3,99,10,buy_yes
2026-07-27T14:22:35.607017+00:00,Austin,KXHIGHAUS-26JUL27-T96,less,96,100.0,13,2,99,11,buy_yes
2026-07-27T14:22:35.607096+00:00,Austin,KXHIGHAUS-26JUL27-T103,greater,103,100.0,20,2,99,18,buy_yes
2026-07-27T14:22:35.668744+00:00,Miami,KXHIGHMIA-26JUL28-T95,greater,95,90.0,8,4,97,4,buy_yes
2026-07-27T14:22:35.668866+00:00,Miami,KXHIGHMIA-26JUL28-T88,less,88,90.0,28,6,95,22,buy_yes
2026-07-27T14:22:35.668949+00:00,Miami,KXHIGHMIA-26JUL27-T94,greater,94,90.0,13,3,98,10,buy_yes
2026-07-27T14:22:35.669024+00:00,Miami,KXHIGHMIA-26JUL27-T87,less,87,90.0,20,1,,19,buy_yes
2026-07-27T19:20:10.127890+00:00,New York,KXHIGHNY-26JUL28-T84,greater,84,78.0,4,3,98,1,none
2026-07-27T19:20:10.128108+00:00,New York,KXHIGHNY-26JUL28-T77,less,77,78.0,39,18,83,21,buy_yes
2026-07-27T19:20:10.128176+00:00,New York,KXHIGHNY-26JUL27-T88,greater,88,78.0,0,1,,-1,none
2026-07-27T19:20:10.128221+00:00,New York,KXHIGHNY-26JUL27-T81,less,81,78.0,80,1,,79,buy_yes
2026-07-27T19:20:10.219427+00:00,Chicago,KXHIGHCHI-26JUL28-T82,greater,82,76.0,4,17,87,9,buy_no
2026-07-27T19:20:10.219571+00:00,Chicago,KXHIGHCHI-26JUL28-T75,less,75,76.0,39,6,96,33,buy_yes
2026-07-27T19:20:10.219623+00:00,Chicago,KXHIGHCHI-26JUL27-T97,greater,97,76.0,0,1,,-1,none
2026-07-27T19:20:10.219665+00:00,Chicago,KXHIGHCHI-26JUL27-T90,less,90,76.0,100,98,3,2,none
2026-07-27T19:20:10.300413+00:00,Austin,KXHIGHAUS-26JUL28-T97,less,97,100.0,20,7,94,13,buy_yes
2026-07-27T19:20:10.300548+00:00,Austin,KXHIGHAUS-26JUL28-T104,greater,104,100.0,13,1,,12,buy_yes
2026-07-27T19:20:10.300593+00:00,Austin,KXHIGHAUS-26JUL27-T96,less,96,100.0,13,1,,12,buy_yes
2026-07-27T19:20:10.300626+00:00,Austin,KXHIGHAUS-26JUL27-T103,greater,103,100.0,20,1,,19,buy_yes
2026-07-27T19:20:10.383436+00:00,Miami,KXHIGHMIA-26JUL28-T95,greater,95,89.0,4,3,98,1,none
2026-07-27T19:20:10.383561+00:00,Miami,KXHIGHMIA-26JUL28-T88,less,88,89.0,39,2,99,37,buy_yes
2026-07-27T19:20:10.383606+00:00,Miami,KXHIGHMIA-26JUL27-T94,greater,94,89.0,8,1,,7,buy_yes
2026-07-27T19:20:10.383638+00:00,Miami,KXHIGHMIA-26JUL27-T87,less,87,89.0,28,1,,27,buy_yes
2026-07-27T23:59:02.121647+00:00,New York,KXHIGHNY-26JUL28-T84,greater,84,78.0,4,2,99,2,none
2026-07-27T23:59:02.121852+00:00,New York,KXHIGHNY-26JUL28-T77,less,77,78.0,39,19,83,20,buy_yes
2026-07-27T23:59:02.121944+00:00,New York,KXHIGHNY-26JUL27-T88,greater,88,78.0,0,1,,-1,none
2026-07-27T23:59:02.122018+00:00,New York,KXHIGHNY-26JUL27-T81,less,81,78.0,80,1,,79,buy_yes
2026-07-27T23:59:02.227276+00:00,Chicago,KXHIGHCHI-26JUL28-T82,greater,82,76.0,4,8,94,2,none
2026-07-27T23:59:02.227452+00:00,Chicago,KXHIGHCHI-26JUL28-T75,less,75,76.0,39,2,99,37,buy_yes
2026-07-27T23:59:02.227543+00:00,Chicago,KXHIGHCHI-26JUL27-T97,greater,97,76.0,0,1,,-1,none
2026-07-27T23:59:02.227614+00:00,Chicago,KXHIGHCHI-26JUL27-T90,less,90,76.0,100,,1,-1,none
2026-07-27T23:59:02.331705+00:00,Austin,KXHIGHAUS-26JUL28-T97,less,97,100.0,20,3,98,17,buy_yes
2026-07-27T23:59:02.331879+00:00,Austin,KXHIGHAUS-26JUL28-T104,greater,104,100.0,13,1,,12,buy_yes
2026-07-27T23:59:02.331957+00:00,Austin,KXHIGHAUS-26JUL27-T96,less,96,100.0,13,1,,12,buy_yes
2026-07-27T23:59:02.332025+00:00,Austin,KXHIGHAUS-26JUL27-T103,greater,103,100.0,20,1,,19,buy_yes
2026-07-27T23:59:02.434537+00:00,Miami,KXHIGHMIA-26JUL28-T95,greater,95,89.0,4,2,99,2,none
2026-07-27T23:59:02.434734+00:00,Miami,KXHIGHMIA-26JUL28-T88,less,88,89.0,39,2,99,37,buy_yes
2026-07-27T23:59:02.434823+00:00,Miami,KXHIGHMIA-26JUL27-T94,greater,94,89.0,8,1,,7,buy_yes
2026-07-27T23:59:02.434886+00:00,Miami,KXHIGHMIA-26JUL27-T87,less,87,89.0,28,1,,27,buy_yes
2026-07-28T08:26:27.627155+00:00,New York,KXHIGHNY-26JUL28-T84,greater,84,78.0,4,3,98,1,none
2026-07-28T08:26:27.627411+00:00,New York,KXHIGHNY-26JUL28-T77,less,77,78.0,39,6,95,33,buy_yes
2026-07-28T08:26:27.669258+00:00,Chicago,KXHIGHCHI-26JUL28-T82,greater,82,78.0,13,4,97,9,buy_yes
2026-07-28T08:26:27.669453+00:00,Chicago,KXHIGHCHI-26JUL28-T75,less,75,78.0,20,1,,19,buy_yes
2026-07-28T08:26:27.710484+00:00,Austin,KXHIGHAUS-26JUL28-T97,less,97,100.0,20,2,99,18,buy_yes
2026-07-28T08:26:27.710686+00:00,Austin,KXHIGHAUS-26JUL28-T104,greater,104,100.0,13,1,,12,buy_yes
2026-07-28T08:26:27.748949+00:00,Miami,KXHIGHMIA-26JUL28-T95,greater,95,91.0,13,3,98,10,buy_yes
2026-07-28T08:26:27.749142+00:00,Miami,KXHIGHMIA-26JUL28-T88,less,88,91.0,20,1,,19,buy_yes
2026-07-28T13:54:27.548567+00:00,New York,KXHIGHNY-26JUL28-T84,greater,84,78.0,4,1,,3,none
2026-07-28T13:54:27.548765+00:00,New York,KXHIGHNY-26JUL28-T77,less,77,78.0,39,6,95,33,buy_yes
2026-07-28T13:54:27.586878+00:00,Chicago,KXHIGHCHI-26JUL28-T82,greater,82,78.0,13,4,97,9,buy_yes
2026-07-28T13:54:27.587028+00:00,Chicago,KXHIGHCHI-26JUL28-T75,less,75,78.0,20,1,,19,buy_yes
2026-07-28T13:54:27.640157+00:00,Austin,KXHIGHAUS-26JUL28-T97,less,97,100.0,20,2,99,18,buy_yes
2026-07-28T13:54:27.640316+00:00,Austin,KXHIGHAUS-26JUL28-T104,greater,104,100.0,13,1,,12,buy_yes
2026-07-28T13:54:27.689979+00:00,Miami,KXHIGHMIA-26JUL28-T95,greater,95,91.0,13,3,98,10,buy_yes
2026-07-28T13:54:27.690129+00:00,Miami,KXHIGHMIA-26JUL28-T88,less,88,91.0,20,1,,19,buy_yes
2026-07-28T19:16:22.660622+00:00,New York,KXHIGHNY-26JUL29-T83,greater,83,78.0,8,3,98,5,buy_yes
2026-07-28T19:16:22.660888+00:00,New York,KXHIGHNY-26JUL29-T76,less,76,78.0,28,6,95,22,buy_yes
2026-07-28T19:16:22.660957+00:00,New York,KXHIGHNY-26JUL28-T84,greater,84,78.0,4,1,,3,none
2026-07-28T19:16:22.661013+00:00,New York,KXHIGHNY-26JUL28-T77,less,77,78.0,39,1,,38,buy_yes
2026-07-28T19:16:22.725069+00:00,Chicago,KXHIGHCHI-26JUL29-T87,greater,87,76.0,0,3,98,2,none
2026-07-28T19:16:22.725280+00:00,Chicago,KXHIGHCHI-26JUL29-T80,less,80,76.0,87,33,68,54,buy_yes
2026-07-28T19:16:22.725346+00:00,Chicago,KXHIGHCHI-26JUL28-T82,greater,82,76.0,4,1,,3,none
2026-07-28T19:16:22.725395+00:00,Chicago,KXHIGHCHI-26JUL28-T75,less,75,76.0,39,1,,38,buy_yes
2026-07-28T19:16:22.862871+00:00,Austin,KXHIGHAUS-26JUL29-T96,less,96,100.0,13,5,97,8,buy_yes
2026-07-28T19:16:22.863054+00:00,Austin,KXHIGHAUS-26JUL29-T103,greater,103,100.0,20,4,98,16,buy_yes
2026-07-28T19:16:22.863108+00:00,Austin,KXHIGHAUS-26JUL28-T97,less,97,100.0,20,3,98,17,buy_yes
2026-07-28T19:16:22.863153+00:00,Austin,KXHIGHAUS-26JUL28-T104,greater,104,100.0,13,1,,12,buy_yes
2026-07-28T19:16:22.925090+00:00,Miami,KXHIGHMIA-26JUL29-T97,greater,97,91.0,4,3,98,1,none
2026-07-28T19:16:22.925241+00:00,Miami,KXHIGHMIA-26JUL29-T90,less,90,91.0,39,2,99,37,buy_yes
2026-07-28T19:16:22.925295+00:00,Miami,KXHIGHMIA-26JUL28-T95,greater,95,91.0,13,1,,12,buy_yes
2026-07-28T19:16:22.925333+00:00,Miami,KXHIGHMIA-26JUL28-T88,less,88,91.0,20,1,,19,buy_yes
2026-07-28T23:55:17.608029+00:00,New York,KXHIGHNY-26JUL29-T83,greater,83,79.0,13,4,97,9,buy_yes
2026-07-28T23:55:17.608254+00:00,New York,KXHIGHNY-26JUL29-T76,less,76,79.0,20,4,97,16,buy_yes
2026-07-28T23:55:17.608342+00:00,New York,KXHIGHNY-26JUL28-T84,greater,84,79.0,8,1,,7,buy_yes
2026-07-28T23:55:17.608418+00:00,New York,KXHIGHNY-26JUL28-T77,less,77,79.0,28,1,,27,buy_yes
2026-07-28T23:55:17.654216+00:00,Chicago,KXHIGHCHI-26JUL29-T87,greater,87,76.0,0,2,99,1,none
2026-07-28T23:55:17.654363+00:00,Chicago,KXHIGHCHI-26JUL29-T80,less,80,76.0,87,32,70,55,buy_yes
2026-07-28T23:55:17.654448+00:00,Chicago,KXHIGHCHI-26JUL28-T82,greater,82,76.0,4,1,,3,none
2026-07-28T23:55:17.654519+00:00,Chicago,KXHIGHCHI-26JUL28-T75,less,75,76.0,39,1,,38,buy_yes
2026-07-28T23:55:17.687645+00:00,Austin,KXHIGHAUS-26JUL29-T96,less,96,100.0,13,2,99,11,buy_yes
2026-07-28T23:55:17.687790+00:00,Austin,KXHIGHAUS-26JUL29-T103,greater,103,100.0,20,3,98,17,buy_yes
2026-07-28T23:55:17.687872+00:00,Austin,KXHIGHAUS-26JUL28-T97,less,97,100.0,20,1,,19,buy_yes
2026-07-28T23:55:17.687938+00:00,Austin,KXHIGHAUS-26JUL28-T104,greater,104,100.0,13,1,,12,buy_yes
2026-07-28T23:55:17.721899+00:00,Miami,KXHIGHMIA-26JUL29-T97,greater,97,91.0,4,2,99,2,none
2026-07-28T23:55:17.722017+00:00,Miami,KXHIGHMIA-26JUL29-T90,less,90,91.0,39,2,99,37,buy_yes
2026-07-28T23:55:17.722092+00:00,Miami,KXHIGHMIA-26JUL28-T95,greater,95,91.0,13,1,,12,buy_yes
2026-07-28T23:55:17.722156+00:00,Miami,KXHIGHMIA-26JUL28-T88,less,88,91.0,20,1,,19,buy_yes
2026-07-29T08:32:21.711758+00:00,New York,KXHIGHNY-26JUL29-T83,greater,83,76.0,2,2,99,0,none
2026-07-29T08:32:21.711955+00:00,New York,KXHIGHNY-26JUL29-T76,less,76,76.0,50,3,98,47,buy_yes
2026-07-29T08:32:21.915933+00:00,Chicago,KXHIGHCHI-26JUL29-T87,greater,87,76.0,0,1,,-1,none
2026-07-29T08:32:21.916087+00:00,Chicago,KXHIGHCHI-26JUL29-T80,less,80,76.0,87,42,59,45,buy_yes
2026-07-29T08:32:22.028286+00:00,Austin,KXHIGHAUS-26JUL29-T96,less,96,102.0,4,3,99,1,none
2026-07-29T08:32:22.028541+00:00,Austin,KXHIGHAUS-26JUL29-T103,greater,103,102.0,39,1,,38,buy_yes
2026-07-29T08:32:22.224557+00:00,Miami,KXHIGHMIA-26JUL29-T97,greater,97,91.0,4,3,98,1,none
2026-07-29T08:32:22.224761+00:00,Miami,KXHIGHMIA-26JUL29-T90,less,90,91.0,39,1,,38,buy_yes
2026-07-29T13:59:28.314903+00:00,New York,KXHIGHNY-26JUL29-T83,greater,83,76.0,2,1,,1,none
2026-07-29T13:59:28.315129+00:00,New York,KXHIGHNY-26JUL29-T76,less,76,76.0,50,4,97,46,buy_yes
2026-07-29T13:59:28.376250+00:00,Chicago,KXHIGHCHI-26JUL29-T87,greater,87,76.0,0,1,,-1,none
2026-07-29T13:59:28.376450+00:00,Chicago,KXHIGHCHI-26JUL29-T80,less,80,76.0,87,62,40,25,buy_yes
2026-07-29T13:59:28.490468+00:00,Austin,KXHIGHAUS-26JUL29-T96,less,96,102.0,4,1,,3,none
2026-07-29T13:59:28.490674+00:00,Austin,KXHIGHAUS-26JUL29-T103,greater,103,102.0,39,1,,38,buy_yes
2026-07-29T13:59:28.551521+00:00,Miami,KXHIGHMIA-26JUL29-T97,greater,97,91.0,4,3,98,1,none
2026-07-29T13:59:28.551729+00:00,Miami,KXHIGHMIA-26JUL29-T90,less,90,91.0,39,1,,38,buy_yes
2026-07-29T19:07:24.484999+00:00,New York,KXHIGHNY-26JUL30-T84,greater,84,76.0,1,2,99,0,none
2026-07-29T19:07:24.485194+00:00,New York,KXHIGHNY-26JUL30-T77,less,77,76.0,61,58,43,3,none
2026-07-29T19:07:24.485292+00:00,New York,KXHIGHNY-26JUL29-T83,greater,83,76.0,2,1,,1,none
2026-07-29T19:07:24.485381+00:00,New York,KXHIGHNY-26JUL29-T76,less,76,76.0,50,1,,49,buy_yes
2026-07-29T19:07:24.624088+00:00,Chicago,KXHIGHCHI-26JUL30-T92,greater,92,80.0,0,2,99,1,none
2026-07-29T19:07:24.624284+00:00,Chicago,KXHIGHCHI-26JUL30-T85,less,85,80.0,92,21,80,71,buy_yes
2026-07-29T19:07:24.624383+00:00,Chicago,KXHIGHCHI-26JUL29-T87,greater,87,80.0,2,1,,1,none
2026-07-29T19:07:24.624469+00:00,Chicago,KXHIGHCHI-26JUL29-T80,less,80,80.0,50,68,35,15,buy_no
2026-07-29T19:07:24.732385+00:00,Austin,KXHIGHAUS-26JUL30-T98,less,98,101.0,20,5,96,15,buy_yes
2026-07-29T19:07:24.732521+00:00,Austin,KXHIGHAUS-26JUL30-T105,greater,105,101.0,13,2,99,11,buy_yes
2026-07-29T19:07:24.732610+00:00,Austin,KXHIGHAUS-26JUL29-T96,less,96,101.0,8,2,,6,buy_yes
2026-07-29T19:07:24.732688+00:00,Austin,KXHIGHAUS-26JUL29-T103,greater,103,101.0,28,1,,27,buy_yes
2026-07-29T19:07:24.771602+00:00,Miami,KXHIGHMIA-26JUL30-T97,greater,97,92.0,8,12,89,3,none
2026-07-29T19:07:24.771698+00:00,Miami,KXHIGHMIA-26JUL30-T90,less,90,92.0,28,2,99,26,buy_yes
2026-07-29T19:07:24.771787+00:00,Miami,KXHIGHMIA-26JUL29-T97,greater,97,92.0,8,1,,7,buy_yes
2026-07-29T19:07:24.771864+00:00,Miami,KXHIGHMIA-26JUL29-T90,less,90,92.0,28,1,,27,buy_yes
2026-07-29T23:57:16.036456+00:00,New York,KXHIGHNY-26JUL30-T84,greater,84,77.0,2,1,,1,none
2026-07-29T23:57:16.036635+00:00,New York,KXHIGHNY-26JUL30-T77,less,77,77.0,50,37,64,13,buy_yes
2026-07-29T23:57:16.036709+00:00,New York,KXHIGHNY-26JUL29-T83,greater,83,77.0,4,1,,3,none
2026-07-29T23:57:16.036793+00:00,New York,KXHIGHNY-26JUL29-T76,less,76,77.0,39,1,,38,buy_yes
2026-07-29T23:57:16.155599+00:00,Chicago,KXHIGHCHI-26JUL30-T92,greater,92,80.0,0,3,98,2,none
2026-07-29T23:57:16.155775+00:00,Chicago,KXHIGHCHI-26JUL30-T85,less,85,80.0,92,23,79,69,buy_yes
2026-07-29T23:57:16.155903+00:00,Chicago,KXHIGHCHI-26JUL29-T87,greater,87,80.0,2,1,,1,none
2026-07-29T23:57:16.155962+00:00,Chicago,KXHIGHCHI-26JUL29-T80,less,80,80.0,50,1,,49,buy_yes
2026-07-29T23:57:16.216397+00:00,Austin,KXHIGHAUS-26JUL30-T98,less,98,101.0,20,6,95,14,buy_yes
2026-07-29T23:57:16.216526+00:00,Austin,KXHIGHAUS-26JUL30-T105,greater,105,101.0,13,2,99,11,buy_yes
2026-07-29T23:57:16.216588+00:00,Austin,KXHIGHAUS-26JUL29-T96,less,96,101.0,8,1,,7,buy_yes
2026-07-29T23:57:16.216639+00:00,Austin,KXHIGHAUS-26JUL29-T103,greater,103,101.0,28,1,,27,buy_yes
2026-07-29T23:57:16.328688+00:00,Miami,KXHIGHMIA-26JUL30-T97,greater,97,92.0,8,8,93,0,none
2026-07-29T23:57:16.328886+00:00,Miami,KXHIGHMIA-26JUL30-T90,less,90,92.0,28,2,99,26,buy_yes
2026-07-29T23:57:16.328955+00:00,Miami,KXHIGHMIA-26JUL29-T97,greater,97,92.0,8,1,,7,buy_yes
2026-07-29T23:57:16.329006+00:00,Miami,KXHIGHMIA-26JUL29-T90,less,90,92.0,28,1,,27,buy_yes
2026-07-30T08:17:11.601665+00:00,New York,KXHIGHNY-26JUL30-T84,greater,84,80.0,13,1,,12,buy_yes
2026-07-30T08:17:11.601919+00:00,New York,KXHIGHNY-26JUL30-T77,less,77,80.0,20,32,75,5,buy_no
2026-07-30T08:17:11.698019+00:00,Chicago,KXHIGHCHI-26JUL30-T92,greater,92,80.0,0,2,99,1,none
2026-07-30T08:17:11.698262+00:00,Chicago,KXHIGHCHI-26JUL30-T85,less,85,80.0,92,20,90,72,buy_yes
2026-07-30T08:17:11.789917+00:00,Austin,KXHIGHAUS-26JUL30-T98,less,98,101.0,20,3,99,17,buy_yes
2026-07-30T08:17:11.790178+00:00,Austin,KXHIGHAUS-26JUL30-T105,greater,105,101.0,13,2,,11,buy_yes
2026-07-30T08:17:11.906039+00:00,Miami,KXHIGHMIA-26JUL30-T97,greater,97,91.0,4,8,93,3,none
2026-07-30T08:17:11.906270+00:00,Miami,KXHIGHMIA-26JUL30-T90,less,90,91.0,39,1,,38,buy_yes
2026-07-30T13:48:32.386980+00:00,New York,KXHIGHNY-26JUL30-T84,greater,84,80.0,13,1,,12,buy_yes
2026-07-30T13:48:32.387261+00:00,New York,KXHIGHNY-26JUL30-T77,less,77,80.0,20,36,65,15,buy_no
2026-07-30T13:48:32.438398+00:00,Chicago,KXHIGHCHI-26JUL30-T92,greater,92,80.0,0,1,,-1,none
2026-07-30T13:48:32.438592+00:00,Chicago,KXHIGHCHI-26JUL30-T85,less,85,80.0,92,18,83,74,buy_yes
2026-07-30T13:48:32.476351+00:00,Austin,KXHIGHAUS-26JUL30-T98,less,98,101.0,20,3,98,17,buy_yes
2026-07-30T13:48:32.476550+00:00,Austin,KXHIGHAUS-26JUL30-T105,greater,105,101.0,13,1,,12,buy_yes
2026-07-30T13:48:32.522977+00:00,Miami,KXHIGHMIA-26JUL30-T97,greater,97,91.0,4,7,94,2,none
2026-07-30T13:48:32.523219+00:00,Miami,KXHIGHMIA-26JUL30-T90,less,90,91.0,39,1,,38,buy_yes
2026-07-30T19:18:29.807443+00:00,New York,KXHIGHNY-26JUL31-T89,greater,89,85.0,13,2,99,11,buy_yes
2026-07-30T19:18:29.807708+00:00,New York,KXHIGHNY-26JUL31-T82,less,82,85.0,20,13,88,7,buy_yes
2026-07-30T19:18:29.807795+00:00,New York,KXHIGHNY-26JUL30-T84,greater,84,85.0,61,1,,60,buy_yes
2026-07-30T19:18:29.807872+00:00,New York,KXHIGHNY-26JUL30-T77,less,77,85.0,1,96,5,94,buy_no
2026-07-30T19:18:29.911914+00:00,Chicago,KXHIGHCHI-26JUL31-T85,greater,85,80.0,8,11,90,2,none
2026-07-30T19:18:29.912073+00:00,Chicago,KXHIGHCHI-26JUL31-T78,less,78,80.0,28,3,98,25,buy_yes
2026-07-30T19:18:29.912166+00:00,Chicago,KXHIGHCHI-26JUL30-T92,greater,92,80.0,0,1,,-1,none
2026-07-30T19:18:29.912240+00:00,Chicago,KXHIGHCHI-26JUL30-T85,less,85,80.0,92,1,,91,buy_yes
2026-07-30T19:18:30.030440+00:00,Austin,KXHIGHAUS-26JUL31-T98,less,98,101.0,20,9,95,11,buy_yes
2026-07-30T19:18:30.030642+00:00,Austin,KXHIGHAUS-26JUL31-T105,greater,105,101.0,13,2,,11,buy_yes
2026-07-30T19:18:30.030726+00:00,Austin,KXHIGHAUS-26JUL30-T98,less,98,101.0,20,3,99,17,buy_yes
2026-07-30T19:18:30.030790+00:00,Austin,KXHIGHAUS-26JUL30-T105,greater,105,101.0,13,1,,12,buy_yes
2026-07-30T19:18:30.144937+00:00,Miami,KXHIGHMIA-26JUL31-T96,greater,96,91.0,8,16,85,7,buy_no
2026-07-30T19:18:30.145138+00:00,Miami,KXHIGHMIA-26JUL31-T89,less,89,91.0,28,1,,27,buy_yes
2026-07-30T19:18:30.145264+00:00,Miami,KXHIGHMIA-26JUL30-T97,greater,97,91.0,4,20,81,15,buy_no
2026-07-30T19:18:30.145370+00:00,Miami,KXHIGHMIA-26JUL30-T90,less,90,91.0,39,1,,38,buy_yes
2026-07-30T23:58:24.286974+00:00,New York,KXHIGHNY-26JUL31-T89,greater,89,85.0,13,1,,12,buy_yes
2026-07-30T23:58:24.287187+00:00,New York,KXHIGHNY-26JUL31-T82,less,82,85.0,20,6,98,14,buy_yes
2026-07-30T23:58:24.287272+00:00,New York,KXHIGHNY-26JUL30-T84,greater,84,85.0,61,1,,60,buy_yes
2026-07-30T23:58:24.287350+00:00,New York,KXHIGHNY-26JUL30-T77,less,77,85.0,1,,1,98,buy_no
2026-07-30T23:58:24.450502+00:00,Chicago,KXHIGHCHI-26JUL31-T85,greater,85,78.0,2,14,88,10,buy_no
2026-07-30T23:58:24.450699+00:00,Chicago,KXHIGHCHI-26JUL31-T78,less,78,78.0,50,3,98,47,buy_yes
2026-07-30T23:58:24.450786+00:00,Chicago,KXHIGHCHI-26JUL30-T92,greater,92,78.0,0,1,,-1,none
2026-07-30T23:58:24.450861+00:00,Chicago,KXHIGHCHI-26JUL30-T85,less,85,78.0,98,1,,97,buy_yes
2026-07-30T23:58:24.563804+00:00,Austin,KXHIGHAUS-26JUL31-T98,less,98,100.0,28,4,97,24,buy_yes
2026-07-30T23:58:24.563992+00:00,Austin,KXHIGHAUS-26JUL31-T105,greater,105,100.0,8,2,99,6,buy_yes
2026-07-30T23:58:24.564072+00:00,Austin,KXHIGHAUS-26JUL30-T98,less,98,100.0,28,1,,27,buy_yes
2026-07-30T23:58:24.564137+00:00,Austin,KXHIGHAUS-26JUL30-T105,greater,105,100.0,8,1,,7,buy_yes
2026-07-30T23:58:24.687865+00:00,Miami,KXHIGHMIA-26JUL31-T96,greater,96,91.0,8,19,82,10,buy_no
2026-07-30T23:58:24.688039+00:00,Miami,KXHIGHMIA-26JUL31-T89,less,89,91.0,28,1,,27,buy_yes
2026-07-30T23:58:24.688116+00:00,Miami,KXHIGHMIA-26JUL30-T97,greater,97,91.0,4,1,,3,none
2026-07-30T23:58:24.688176+00:00,Miami,KXHIGHMIA-26JUL30-T90,less,90,91.0,39,1,,38,buy_yes
2026-07-31T08:43:03.444452+00:00,New York,KXHIGHNY-26JUL31-T89,greater,89,81.0,1,1,,0,none
2026-07-31T08:43:03.444599+00:00,New York,KXHIGHNY-26JUL31-T82,less,82,81.0,61,8,93,53,buy_yes
2026-07-31T08:43:03.550688+00:00,Chicago,KXHIGHCHI-26JUL31-T85,greater,85,74.0,0,7,95,5,buy_no
2026-07-31T08:43:03.550807+00:00,Chicago,KXHIGHCHI-26JUL31-T78,less,78,74.0,87,3,98,84,buy_yes
2026-07-31T08:43:03.669434+00:00,Austin,KXHIGHAUS-26JUL31-T98,less,98,100.0,28,1,,27,buy_yes
2026-07-31T08:43:03.669553+00:00,Austin,KXHIGHAUS-26JUL31-T105,greater,105,100.0,8,1,,7,buy_yes
2026-07-31T08:43:03.763520+00:00,Miami,KXHIGHMIA-26JUL31-T96,greater,96,90.0,4,30,71,25,buy_no
2026-07-31T08:43:03.763651+00:00,Miami,KXHIGHMIA-26JUL31-T89,less,89,90.0,39,1,,38,buy_yes
2026-07-31T13:53:35.614196+00:00,New York,KXHIGHNY-26JUL31-T89,greater,89,81.0,1,1,,0,none
2026-07-31T13:53:35.614429+00:00,New York,KXHIGHNY-26JUL31-T82,less,82,81.0,61,2,99,59,buy_yes
2026-07-31T13:53:35.717331+00:00,Chicago,KXHIGHCHI-26JUL31-T85,greater,85,74.0,0,6,95,5,buy_no
2026-07-31T13:53:35.717567+00:00,Chicago,KXHIGHCHI-26JUL31-T78,less,78,74.0,87,1,,86,buy_yes
2026-07-31T13:53:35.841904+00:00,Austin,KXHIGHAUS-26JUL31-T98,less,98,100.0,28,1,,27,buy_yes
2026-07-31T13:53:35.842105+00:00,Austin,KXHIGHAUS-26JUL31-T105,greater,105,100.0,8,1,,7,buy_yes
2026-07-31T13:53:35.945210+00:00,Miami,KXHIGHMIA-26JUL31-T96,greater,96,90.0,4,25,76,20,buy_no
2026-07-31T13:53:35.945408+00:00,Miami,KXHIGHMIA-26JUL31-T89,less,89,90.0,39,1,,38,buy_yes
2026-07-31T19:17:31.151049+00:00,New York,KXHIGHNY-26AUG01-T89,greater,89,81.0,1,2,99,0,none
2026-07-31T19:17:31.151230+00:00,New York,KXHIGHNY-26AUG01-T82,less,82,81.0,61,11,90,50,buy_yes
2026-07-31T19:17:31.151330+00:00,New York,KXHIGHNY-26JUL31-T89,greater,89,81.0,1,1,,0,none
2026-07-31T19:17:31.151418+00:00,New York,KXHIGHNY-26JUL31-T82,less,82,81.0,61,1,,60,buy_yes
2026-07-31T19:17:31.414095+00:00,Chicago,KXHIGHCHI-26AUG01-T77,greater,77,74.0,20,3,98,17,buy_yes
2026-07-31T19:17:31.414245+00:00,Chicago,KXHIGHCHI-26AUG01-T70,less,70,74.0,13,12,89,1,none
2026-07-31T19:17:31.414361+00:00,Chicago,KXHIGHCHI-26JUL31-T85,greater,85,74.0,0,1,,-1,none
2026-07-31T19:17:31.414453+00:00,Chicago,KXHIGHCHI-26JUL31-T78,less,78,74.0,87,1,,86,buy_yes
2026-07-31T19:17:31.615725+00:00,Austin,KXHIGHAUS-26AUG01-T96,less,96,100.0,13,3,98,10,buy_yes
2026-07-31T19:17:31.615852+00:00,Austin,KXHIGHAUS-26AUG01-T103,greater,103,100.0,20,2,99,18,buy_yes
2026-07-31T19:17:31.615949+00:00,Austin,KXHIGHAUS-26JUL31-T98,less,98,100.0,28,1,,27,buy_yes
2026-07-31T19:17:31.616031+00:00,Austin,KXHIGHAUS-26JUL31-T105,greater,105,100.0,8,1,,7,buy_yes
2026-07-31T19:17:31.748663+00:00,Miami,KXHIGHMIA-26AUG01-T95,greater,95,90.0,8,12,89,3,none
2026-07-31T19:17:31.748758+00:00,Miami,KXHIGHMIA-26AUG01-T88,less,88,90.0,28,1,,27,buy_yes
2026-07-31T19:17:31.748842+00:00,Miami,KXHIGHMIA-26JUL31-T96,greater,96,90.0,4,37,69,27,buy_no
2026-07-31T19:17:31.748918+00:00,Miami,KXHIGHMIA-26JUL31-T89,less,89,90.0,39,1,,38,buy_yes
2026-07-31T23:58:16.236055+00:00,New York,KXHIGHNY-26AUG01-T89,greater,89,83.0,4,2,99,2,none
2026-07-31T23:58:16.236249+00:00,New York,KXHIGHNY-26AUG01-T82,less,82,83.0,39,7,94,32,buy_yes
2026-07-31T23:58:16.236352+00:00,New York,KXHIGHNY-26JUL31-T89,greater,89,83.0,4,1,,3,none
2026-07-31T23:58:16.236438+00:00,New York,KXHIGHNY-26JUL31-T82,less,82,83.0,39,1,,38,buy_yes
2026-07-31T23:58:16.284886+00:00,Chicago,KXHIGHCHI-26AUG01-T77,greater,77,70.0,2,1,,1,none
2026-07-31T23:58:16.285062+00:00,Chicago,KXHIGHCHI-26AUG01-T70,less,70,70.0,50,10,91,40,buy_yes
2026-07-31T23:58:16.285167+00:00,Chicago,KXHIGHCHI-26JUL31-T85,greater,85,70.0,0,1,,-1,none
2026-07-31T23:58:16.285256+00:00,Chicago,KXHIGHCHI-26JUL31-T78,less,78,70.0,99,1,,98,buy_yes
2026-07-31T23:58:16.420063+00:00,Austin,KXHIGHAUS-26AUG01-T96,less,96,100.0,13,3,98,10,buy_yes
2026-07-31T23:58:16.420237+00:00,Austin,KXHIGHAUS-26AUG01-T103,greater,103,100.0,20,3,98,17,buy_yes
2026-07-31T23:58:16.420327+00:00,Austin,KXHIGHAUS-26JUL31-T98,less,98,100.0,28,1,,27,buy_yes
2026-07-31T23:58:16.420407+00:00,Austin,KXHIGHAUS-26JUL31-T105,greater,105,100.0,8,1,,7,buy_yes
2026-07-31T23:58:16.497838+00:00,Miami,KXHIGHMIA-26AUG01-T95,greater,95,90.0,8,16,85,7,buy_no
2026-07-31T23:58:16.498003+00:00,Miami,KXHIGHMIA-26AUG01-T88,less,88,90.0,28,1,,27,buy_yes
2026-07-31T23:58:16.498108+00:00,Miami,KXHIGHMIA-26JUL31-T96,greater,96,90.0,4,1,,3,none
2026-07-31T23:58:16.498200+00:00,Miami,KXHIGHMIA-26JUL31-T89,less,89,90.0,39,1,,38,buy_yes
2026-08-01T08:13:04.393388+00:00,New York,KXHIGHNY-26AUG01-T89,greater,89,79.0,0,1,,-1,none
2026-08-01T08:13:04.393634+00:00,New York,KXHIGHNY-26AUG01-T82,less,82,79.0,80,4,97,76,buy_yes
2026-08-01T08:13:04.610425+00:00,Chicago,KXHIGHCHI-26AUG01-T77,greater,77,72.0,8,1,,7,buy_yes
2026-08-01T08:13:04.610635+00:00,Chicago,KXHIGHCHI-26AUG01-T70,less,70,72.0,28,1,,27,buy_yes
2026-08-01T08:13:04.727535+00:00,Austin,KXHIGHAUS-26AUG01-T96,less,96,102.0,4,3,98,1,none
2026-08-01T08:13:04.727737+00:00,Austin,KXHIGHAUS-26AUG01-T103,greater,103,102.0,39,2,99,37,buy_yes
2026-08-01T08:13:04.846630+00:00,Miami,KXHIGHMIA-26AUG01-T95,greater,95,90.0,8,5,96,3,none
2026-08-01T08:13:04.846824+00:00,Miami,KXHIGHMIA-26AUG01-T88,less,88,90.0,28,1,,27,buy_yes
2026-08-01T13:08:32.058652+00:00,New York,KXHIGHNY-26AUG01-T89,greater,89,79.0,0,1,,-1,none
2026-08-01T13:08:32.058865+00:00,New York,KXHIGHNY-26AUG01-T82,less,82,79.0,80,2,99,78,buy_yes
2026-08-01T13:08:32.107484+00:00,Chicago,KXHIGHCHI-26AUG01-T77,greater,77,72.0,8,1,,7,buy_yes
2026-08-01T13:08:32.107689+00:00,Chicago,KXHIGHCHI-26AUG01-T70,less,70,72.0,28,1,,27,buy_yes
2026-08-01T13:08:32.160240+00:00,Austin,KXHIGHAUS-26AUG01-T96,less,96,102.0,4,5,96,0,none
2026-08-01T13:08:32.160428+00:00,Austin,KXHIGHAUS-26AUG01-T103,greater,103,102.0,39,1,,38,buy_yes
2026-08-01T13:08:32.241717+00:00,Miami,KXHIGHMIA-26AUG01-T95,greater,95,90.0,8,4,97,4,buy_yes
2026-08-01T13:08:32.241962+00:00,Miami,KXHIGHMIA-26AUG01-T88,less,88,90.0,28,1,,27,buy_yes
2026-08-01T19:01:57.349086+00:00,New York,KXHIGHNY-26AUG02-T87,greater,87,80.0,2,3,98,0,none
2026-08-01T19:01:57.349290+00:00,New York,KXHIGHNY-26AUG02-T80,less,80,80.0,50,16,85,34,buy_yes
2026-08-01T19:01:57.349393+00:00,New York,KXHIGHNY-26AUG01-T89,greater,89,80.0,1,1,,0,none
2026-08-01T19:01:57.349481+00:00,New York,KXHIGHNY-26AUG01-T82,less,82,80.0,72,1,,71,buy_yes
2026-08-01T19:01:57.466635+00:00,Chicago,KXHIGHCHI-26AUG02-T78,greater,78,70.0,1,11,90,9,buy_no
2026-08-01T19:01:57.466868+00:00,Chicago,KXHIGHCHI-26AUG02-T71,less,71,70.0,61,3,98,58,buy_yes
2026-08-01T19:01:57.466974+00:00,Chicago,KXHIGHCHI-26AUG01-T77,greater,77,70.0,2,3,98,0,none
2026-08-01T19:01:57.467063+00:00,Chicago,KXHIGHCHI-26AUG01-T70,less,70,70.0,50,1,,49,buy_yes
2026-08-01T19:01:57.589222+00:00,Austin,KXHIGHAUS-26AUG02-T99,less,99,102.0,20,19,82,1,none
2026-08-01T19:01:57.589412+00:00,Austin,KXHIGHAUS-26AUG02-T106,greater,106,102.0,13,2,,11,buy_yes
2026-08-01T19:01:57.589509+00:00,Austin,KXHIGHAUS-26AUG01-T96,less,96,102.0,4,14,87,9,buy_no
2026-08-01T19:01:57.589588+00:00,Austin,KXHIGHAUS-26AUG01-T103,greater,103,102.0,39,1,,38,buy_yes
2026-08-01T19:01:57.703907+00:00,Miami,KXHIGHMIA-26AUG02-T95,greater,95,90.0,8,2,99,6,buy_yes
2026-08-01T19:01:57.704072+00:00,Miami,KXHIGHMIA-26AUG02-T88,less,88,90.0,28,6,95,22,buy_yes
2026-08-01T19:01:57.704158+00:00,Miami,KXHIGHMIA-26AUG01-T95,greater,95,90.0,8,1,,7,buy_yes
2026-08-01T19:01:57.704235+00:00,Miami,KXHIGHMIA-26AUG01-T88,less,88,90.0,28,1,,27,buy_yes
2026-08-01T23:53:16.059213+00:00,New York,KXHIGHNY-26AUG02-T87,greater,87,80.0,2,2,99,0,none
2026-08-01T23:53:16.059404+00:00,New York,KXHIGHNY-26AUG02-T80,less,80,80.0,50,14,87,36,buy_yes
2026-08-01T23:53:16.059534+00:00,New York,KXHIGHNY-26AUG01-T89,greater,89,80.0,1,1,,0,none
2026-08-01T23:53:16.059631+00:00,New York,KXHIGHNY-26AUG01-T82,less,82,80.0,72,1,,71,buy_yes
2026-08-01T23:53:16.096091+00:00,Chicago,KXHIGHCHI-26AUG02-T78,greater,78,70.0,1,8,93,6,buy_no
2026-08-01T23:53:16.096262+00:00,Chicago,KXHIGHCHI-26AUG02-T71,less,71,70.0,61,3,98,58,buy_yes
2026-08-01T23:53:16.096380+00:00,Chicago,KXHIGHCHI-26AUG01-T77,greater,77,70.0,2,1,,1,none
2026-08-01T23:53:16.096521+00:00,Chicago,KXHIGHCHI-26AUG01-T70,less,70,70.0,50,1,,49,buy_yes
2026-08-01T23:53:16.137181+00:00,Austin,KXHIGHAUS-26AUG02-T99,less,99,101.0,28,19,82,9,buy_yes
2026-08-01T23:53:16.137360+00:00,Austin,KXHIGHAUS-26AUG02-T106,greater,106,101.0,8,1,,7,buy_yes
2026-08-01T23:53:16.137472+00:00,Austin,KXHIGHAUS-26AUG01-T96,less,96,101.0,8,1,,7,buy_yes
2026-08-01T23:53:16.137558+00:00,Austin,KXHIGHAUS-26AUG01-T103,greater,103,101.0,28,1,,27,buy_yes
2026-08-01T23:53:16.185108+00:00,Miami,KXHIGHMIA-26AUG02-T95,greater,95,89.0,4,2,99,2,none
2026-08-01T23:53:16.185250+00:00,Miami,KXHIGHMIA-26AUG02-T88,less,88,89.0,39,2,99,37,buy_yes
2026-08-01T23:53:16.185339+00:00,Miami,KXHIGHMIA-26AUG01-T95,greater,95,89.0,4,1,,3,none
2026-08-01T23:53:16.185413+00:00,Miami,KXHIGHMIA-26AUG01-T88,less,88,89.0,39,1,,38,buy_yes
2026-08-02T08:14:25.424424+00:00,New York,KXHIGHNY-26AUG02-T87,greater,87,80.0,2,1,,1,none
2026-08-02T08:14:25.424692+00:00,New York,KXHIGHNY-26AUG02-T80,less,80,80.0,50,9,94,41,buy_yes
2026-08-02T08:14:25.482645+00:00,Chicago,KXHIGHCHI-26AUG02-T78,greater,78,76.0,28,8,93,20,buy_yes
2026-08-02T08:14:25.482794+00:00,Chicago,KXHIGHCHI-26AUG02-T71,less,71,76.0,8,2,,6,buy_yes
2026-08-02T08:14:25.532987+00:00,Austin,KXHIGHAUS-26AUG02-T99,less,99,103.0,13,23,79,8,buy_no
2026-08-02T08:14:25.533134+00:00,Austin,KXHIGHAUS-26AUG02-T106,greater,106,103.0,20,1,,19,buy_yes
2026-08-02T08:14:25.588712+00:00,Miami,KXHIGHMIA-26AUG02-T95,greater,95,90.0,8,2,,6,buy_yes
2026-08-02T08:14:25.588916+00:00,Miami,KXHIGHMIA-26AUG02-T88,less,88,90.0,28,2,99,26,buy_yes
2026-08-02T13:10:30.163168+00:00,New York,KXHIGHNY-26AUG02-T87,greater,87,80.0,2,1,,1,none
2026-08-02T13:10:30.163406+00:00,New York,KXHIGHNY-26AUG02-T80,less,80,80.0,50,3,98,47,buy_yes
2026-08-02T13:10:30.247013+00:00,Chicago,KXHIGHCHI-26AUG02-T78,greater,78,76.0,28,12,89,16,buy_yes
2026-08-02T13:10:30.247197+00:00,Chicago,KXHIGHCHI-26AUG02-T71,less,71,76.0,8,1,,7,buy_yes
2026-08-02T13:10:30.341683+00:00,Austin,KXHIGHAUS-26AUG02-T99,less,99,103.0,13,23,81,6,buy_no
2026-08-02T13:10:30.341850+00:00,Austin,KXHIGHAUS-26AUG02-T106,greater,106,103.0,20,1,,19,buy_yes
2026-08-02T13:10:30.420237+00:00,Miami,KXHIGHMIA-26AUG02-T95,greater,95,90.0,8,1,,7,buy_yes
2026-08-02T13:10:30.420444+00:00,Miami,KXHIGHMIA-26AUG02-T88,less,88,90.0,28,6,95,22,buy_yes
2026-08-02T19:03:00.772128+00:00,New York,KXHIGHNY-26AUG03-T87,greater,87,80.0,2,1,,1,none
2026-08-02T19:03:00.772351+00:00,New York,KXHIGHNY-26AUG03-T80,less,80,80.0,50,22,79,28,buy_yes
2026-08-02T19:03:00.772490+00:00,New York,KXHIGHNY-26AUG02-T87,greater,87,80.0,2,1,,1,none
2026-08-02T19:03:00.772587+00:00,New York,KXHIGHNY-26AUG02-T80,less,80,80.0,50,1,,49,buy_yes
2026-08-02T19:03:00.879009+00:00,Chicago,KXHIGHCHI-26AUG03-T83,greater,83,76.0,2,4,97,1,none
2026-08-02T19:03:00.879175+00:00,Chicago,KXHIGHCHI-26AUG03-T76,less,76,76.0,50,3,98,47,buy_yes
2026-08-02T19:03:00.879297+00:00,Chicago,KXHIGHCHI-26AUG02-T78,greater,78,76.0,28,1,,27,buy_yes
2026-08-02T19:03:00.879407+00:00,Chicago,KXHIGHCHI-26AUG02-T71,less,71,76.0,8,1,,7,buy_yes
2026-08-02T19:03:00.912363+00:00,Austin,KXHIGHAUS-26AUG03-T107,greater,107,103.0,13,1,,12,buy_yes
2026-08-02T19:03:00.912538+00:00,Austin,KXHIGHAUS-26AUG03-T100,less,100,103.0,20,22,79,1,none
2026-08-02T19:03:00.912634+00:00,Austin,KXHIGHAUS-26AUG02-T99,less,99,103.0,13,3,98,10,buy_yes
2026-08-02T19:03:00.912713+00:00,Austin,KXHIGHAUS-26AUG02-T106,greater,106,103.0,20,1,,19,buy_yes
2026-08-02T19:03:00.973703+00:00,Miami,KXHIGHMIA-26AUG03-T95,greater,95,89.0,4,2,99,2,none
2026-08-02T19:03:00.973820+00:00,Miami,KXHIGHMIA-26AUG03-T88,less,88,89.0,39,2,99,37,buy_yes
2026-08-02T19:03:00.973903+00:00,Miami,KXHIGHMIA-26AUG02-T95,greater,95,89.0,4,1,,3,none
2026-08-02T19:03:00.973985+00:00,Miami,KXHIGHMIA-26AUG02-T88,less,88,89.0,39,1,,38,buy_yes
2026-08-02T23:54:09.272096+00:00,New York,KXHIGHNY-26AUG03-T87,greater,87,79.0,1,1,,0,none
2026-08-02T23:54:09.272320+00:00,New York,KXHIGHNY-26AUG03-T80,less,80,79.0,61,26,75,35,buy_yes
2026-08-02T23:54:09.272497+00:00,New York,KXHIGHNY-26AUG02-T87,greater,87,79.0,1,1,,0,none
2026-08-02T23:54:09.272633+00:00,New York,KXHIGHNY-26AUG02-T80,less,80,79.0,61,1,,60,buy_yes
2026-08-02T23:54:09.323086+00:00,Chicago,KXHIGHCHI-26AUG03-T83,greater,83,76.0,2,5,96,2,none
2026-08-02T23:54:09.323202+00:00,Chicago,KXHIGHCHI-26AUG03-T76,less,76,76.0,50,3,98,47,buy_yes
2026-08-02T23:54:09.323306+00:00,Chicago,KXHIGHCHI-26AUG02-T78,greater,78,76.0,28,1,,27,buy_yes
2026-08-02T23:54:09.323398+00:00,Chicago,KXHIGHCHI-26AUG02-T71,less,71,76.0,8,1,,7,buy_yes
2026-08-02T23:54:09.402411+00:00,Austin,KXHIGHAUS-26AUG03-T107,greater,107,103.0,13,1,,12,buy_yes
2026-08-02T23:54:09.402570+00:00,Austin,KXHIGHAUS-26AUG03-T100,less,100,103.0,20,24,79,1,none
2026-08-02T23:54:09.402655+00:00,Austin,KXHIGHAUS-26AUG02-T99,less,99,103.0,13,1,,12,buy_yes
2026-08-02T23:54:09.402733+00:00,Austin,KXHIGHAUS-26AUG02-T106,greater,106,103.0,20,1,,19,buy_yes
2026-08-02T23:54:09.513362+00:00,Miami,KXHIGHMIA-26AUG03-T95,greater,95,89.0,4,2,99,2,none
2026-08-02T23:54:09.513510+00:00,Miami,KXHIGHMIA-26AUG03-T88,less,88,89.0,39,2,99,37,buy_yes
2026-08-02T23:54:09.513600+00:00,Miami,KXHIGHMIA-26AUG02-T95,greater,95,89.0,4,1,,3,none
2026-08-02T23:54:09.513673+00:00,Miami,KXHIGHMIA-26AUG02-T88,less,88,89.0,39,1,,38,buy_yes
2026-08-03T09:35:07.450455+00:00,New York,KXHIGHNY-26AUG03-T87,greater,87,80.0,2,1,,1,none
2026-08-03T09:35:07.450686+00:00,New York,KXHIGHNY-26AUG03-T80,less,80,80.0,50,18,83,32,buy_yes
2026-08-03T09:35:07.556893+00:00,Chicago,KXHIGHCHI-26AUG03-T83,greater,83,84.0,61,4,97,57,buy_yes
2026-08-03T09:35:07.557103+00:00,Chicago,KXHIGHCHI-26AUG03-T76,less,76,84.0,1,2,99,0,none
2026-08-03T09:35:07.625527+00:00,Austin,KXHIGHAUS-26AUG03-T107,greater,107,100.0,2,1,,1,none
2026-08-03T09:35:07.625714+00:00,Austin,KXHIGHAUS-26AUG03-T100,less,100,100.0,50,10,91,40,buy_yes
2026-08-03T09:35:07.738345+00:00,Miami,KXHIGHMIA-26AUG03-T95,greater,95,89.0,4,2,99,2,none
2026-08-03T09:35:07.738567+00:00,Miami,KXHIGHMIA-26AUG03-T88,less,88,89.0,39,1,,38,buy_yes
2026-08-03T14:29:27.920927+00:00,New York,KXHIGHNY-26AUG04-T88,greater,88,80.0,1,3,99,0,none
2026-08-03T14:29:27.921209+00:00,New York,KXHIGHNY-26AUG04-T81,less,81,80.0,61,8,93,53,buy_yes
2026-08-03T14:29:27.921315+00:00,New York,KXHIGHNY-26AUG03-T87,greater,87,80.0,2,1,,1,none
2026-08-03T14:29:27.921391+00:00,New York,KXHIGHNY-26AUG03-T80,less,80,80.0,50,24,77,26,buy_yes
2026-08-03T14:29:27.973855+00:00,Chicago,KXHIGHCHI-26AUG04-T88,greater,88,84.0,13,4,97,9,buy_yes
2026-08-03T14:29:27.974090+00:00,Chicago,KXHIGHCHI-26AUG04-T81,less,81,84.0,20,3,98,17,buy_yes
2026-08-03T14:29:27.974188+00:00,Chicago,KXHIGHCHI-26AUG03-T83,greater,83,84.0,61,7,94,54,buy_yes
2026-08-03T14:29:27.974271+00:00,Chicago,KXHIGHCHI-26AUG03-T76,less,76,84.0,1,1,,0,none
2026-08-03T14:29:28.032262+00:00,Austin,KXHIGHAUS-26AUG04-T97,less,97,100.0,20,3,98,17,buy_yes
2026-08-03T14:29:28.032460+00:00,Austin,KXHIGHAUS-26AUG04-T104,greater,104,100.0,13,3,99,10,buy_yes
2026-08-03T14:29:28.032542+00:00,Austin,KXHIGHAUS-26AUG03-T107,greater,107,100.0,2,1,,1,none
2026-08-03T14:29:28.032602+00:00,Austin,KXHIGHAUS-26AUG03-T100,less,100,100.0,50,8,93,42,buy_yes
2026-08-03T14:29:28.079694+00:00,Miami,KXHIGHMIA-26AUG04-T93,greater,93,89.0,13,6,95,7,buy_yes
2026-08-03T14:29:28.079904+00:00,Miami,KXHIGHMIA-26AUG04-T86,less,86,89.0,20,2,99,18,buy_yes
2026-08-03T14:29:28.079980+00:00,Miami,KXHIGHMIA-26AUG03-T95,greater,95,89.0,4,2,99,2,none
2026-08-03T14:29:28.080062+00:00,Miami,KXHIGHMIA-26AUG03-T88,less,88,89.0,39,1,,38,buy_yes
2026-08-03T19:24:42.719711+00:00,New York,KXHIGHNY-26AUG04-T88,greater,88,80.0,1,2,99,0,none
2026-08-03T19:24:42.719908+00:00,New York,KXHIGHNY-26AUG04-T81,less,81,80.0,61,4,97,57,buy_yes
2026-08-03T19:24:42.720013+00:00,New York,KXHIGHNY-26AUG03-T87,greater,87,80.0,2,1,,1,none
2026-08-03T19:24:42.720100+00:00,New York,KXHIGHNY-26AUG03-T80,less,80,80.0,50,13,89,37,buy_yes
2026-08-03T19:24:42.807370+00:00,Chicago,KXHIGHCHI-26AUG04-T88,greater,88,82.0,4,2,99,2,none
2026-08-03T19:24:42.807488+00:00,Chicago,KXHIGHCHI-26AUG04-T81,less,81,82.0,39,3,98,36,buy_yes
2026-08-03T19:24:42.807627+00:00,Chicago,KXHIGHCHI-26AUG03-T83,greater,83,82.0,39,3,98,36,buy_yes
2026-08-03T19:24:42.807719+00:00,Chicago,KXHIGHCHI-26AUG03-T76,less,76,82.0,4,1,,3,none
2026-08-03T19:24:42.843372+00:00,Austin,KXHIGHAUS-26AUG04-T97,less,97,100.0,20,3,98,17,buy_yes
2026-08-03T19:24:42.843495+00:00,Austin,KXHIGHAUS-26AUG04-T104,greater,104,100.0,13,2,,11,buy_yes
2026-08-03T19:24:42.843649+00:00,Austin,KXHIGHAUS-26AUG03-T107,greater,107,100.0,2,1,,1,none
2026-08-03T19:24:42.843741+00:00,Austin,KXHIGHAUS-26AUG03-T100,less,100,100.0,50,4,98,46,buy_yes
2026-08-03T19:24:42.875900+00:00,Miami,KXHIGHMIA-26AUG04-T93,greater,93,89.0,13,5,96,8,buy_yes
2026-08-03T19:24:42.876001+00:00,Miami,KXHIGHMIA-26AUG04-T86,less,86,89.0,20,2,99,18,buy_yes
2026-08-03T19:24:42.876085+00:00,Miami,KXHIGHMIA-26AUG03-T95,greater,95,89.0,4,1,,3,none
2026-08-03T19:24:42.876159+00:00,Miami,KXHIGHMIA-26AUG03-T88,less,88,89.0,39,1,,38,buy_yes
2026-08-04T00:04:22.028372+00:00,New York,KXHIGHNY-26AUG04-T88,greater,88,82.0,4,2,99,2,none
2026-08-04T00:04:22.028564+00:00,New York,KXHIGHNY-26AUG04-T81,less,81,82.0,39,5,96,34,buy_yes
2026-08-04T00:04:22.028666+00:00,New York,KXHIGHNY-26AUG03-T87,greater,87,82.0,8,1,,7,buy_yes
2026-08-04T00:04:22.028757+00:00,New York,KXHIGHNY-26AUG03-T80,less,80,82.0,28,1,,27,buy_yes
2026-08-04T00:04:22.135377+00:00,Chicago,KXHIGHCHI-26AUG04-T88,greater,88,78.0,0,6,96,4,buy_no
2026-08-04T00:04:22.135553+00:00,Chicago,KXHIGHCHI-26AUG04-T81,less,81,78.0,80,4,97,76,buy_yes
2026-08-04T00:04:22.135653+00:00,Chicago,KXHIGHCHI-26AUG03-T83,greater,83,78.0,8,1,,7,buy_yes
2026-08-04T00:04:22.135746+00:00,Chicago,KXHIGHCHI-26AUG03-T76,less,76,78.0,28,1,,27,buy_yes
2026-08-04T00:04:22.232559+00:00,Austin,KXHIGHAUS-26AUG04-T97,less,97,100.0,20,3,98,17,buy_yes
2026-08-04T00:04:22.232725+00:00,Austin,KXHIGHAUS-26AUG04-T104,greater,104,100.0,13,2,,11,buy_yes
2026-08-04T00:04:22.232816+00:00,Austin,KXHIGHAUS-26AUG03-T107,greater,107,100.0,2,1,,1,none
2026-08-04T00:04:22.232890+00:00,Austin,KXHIGHAUS-26AUG03-T100,less,100,100.0,50,1,,49,buy_yes
2026-08-04T00:04:22.320649+00:00,Miami,KXHIGHMIA-26AUG04-T93,greater,93,87.0,4,5,96,0,none
2026-08-04T00:04:22.320795+00:00,Miami,KXHIGHMIA-26AUG04-T86,less,86,87.0,39,1,,38,buy_yes
2026-08-04T00:04:22.320883+00:00,Miami,KXHIGHMIA-26AUG03-T95,greater,95,87.0,1,1,,0,none
2026-08-04T00:04:22.320980+00:00,Miami,KXHIGHMIA-26AUG03-T88,less,88,87.0,61,1,,60,buy_yes
2026-08-04T08:29:24.431426+00:00,New York,KXHIGHNY-26AUG04-T88,greater,88,82.0,4,2,,2,none
2026-08-04T08:29:24.431697+00:00,New York,KXHIGHNY-26AUG04-T81,less,81,82.0,39,9,93,30,buy_yes
2026-08-04T08:29:24.535193+00:00,Chicago,KXHIGHCHI-26AUG04-T88,greater,88,80.0,1,4,97,2,none
2026-08-04T08:29:24.535355+00:00,Chicago,KXHIGHCHI-26AUG04-T81,less,81,80.0,61,3,98,58,buy_yes
2026-08-04T08:29:24.646937+00:00,Austin,KXHIGHAUS-26AUG04-T97,less,97,100.0,20,2,99,18,buy_yes
2026-08-04T08:29:24.647129+00:00,Austin,KXHIGHAUS-26AUG04-T104,greater,104,100.0,13,1,,12,buy_yes
2026-08-04T08:29:24.748525+00:00,Miami,KXHIGHMIA-26AUG04-T93,greater,93,87.0,4,3,98,1,none
2026-08-04T08:29:24.748704+00:00,Miami,KXHIGHMIA-26AUG04-T86,less,86,87.0,39,1,,38,buy_yes
2026-08-04T13:59:51.532003+00:00,New York,KXHIGHNY-26AUG04-T88,greater,88,82.0,4,1,,3,none
2026-08-04T13:59:51.532206+00:00,New York,KXHIGHNY-26AUG04-T81,less,81,82.0,39,4,97,35,buy_yes
2026-08-04T13:59:51.820519+00:00,Chicago,KXHIGHCHI-26AUG04-T88,greater,88,80.0,1,2,99,0,none
2026-08-04T13:59:51.820685+00:00,Chicago,KXHIGHCHI-26AUG04-T81,less,81,80.0,61,1,,60,buy_yes
2026-08-04T13:59:51.998955+00:00,Austin,KXHIGHAUS-26AUG04-T97,less,97,100.0,20,2,99,18,buy_yes
2026-08-04T13:59:51.999143+00:00,Austin,KXHIGHAUS-26AUG04-T104,greater,104,100.0,13,1,,12,buy_yes
2026-08-04T19:25:01.166787+00:00,New York,KXHIGHNY-26AUG05-T87,greater,87,82.0,8,2,,6,buy_yes
2026-08-04T19:25:01.167007+00:00,New York,KXHIGHNY-26AUG05-T80,less,80,82.0,28,6,95,22,buy_yes
2026-08-04T19:25:01.167109+00:00,New York,KXHIGHNY-26AUG04-T88,greater,88,82.0,4,1,,3,none
2026-08-04T19:25:01.167198+00:00,New York,KXHIGHNY-26AUG04-T81,less,81,82.0,39,1,,38,buy_yes
2026-08-04T19:25:01.227128+00:00,Chicago,KXHIGHCHI-26AUG05-T86,greater,86,78.0,1,2,99,0,none
2026-08-04T19:25:01.227405+00:00,Chicago,KXHIGHCHI-26AUG05-T79,less,79,78.0,61,24,77,37,buy_yes
2026-08-04T19:25:01.227525+00:00,Chicago,KXHIGHCHI-26AUG04-T88,greater,88,78.0,0,2,99,1,none
2026-08-04T19:25:01.227615+00:00,Chicago,KXHIGHCHI-26AUG04-T81,less,81,78.0,80,1,,79,buy_yes
2026-08-04T19:25:01.289268+00:00,Austin,KXHIGHAUS-26AUG05-T96,less,96,99.0,20,2,99,18,buy_yes
2026-08-04T19:25:01.289478+00:00,Austin,KXHIGHAUS-26AUG05-T103,greater,103,99.0,13,2,99,11,buy_yes
2026-08-04T19:25:01.289574+00:00,Austin,KXHIGHAUS-26AUG04-T97,less,97,99.0,28,1,,27,buy_yes
2026-08-04T19:25:01.289658+00:00,Austin,KXHIGHAUS-26AUG04-T104,greater,104,99.0,8,1,,7,buy_yes
2026-08-04T19:25:01.349689+00:00,Miami,KXHIGHMIA-26AUG05-T93,greater,93,87.0,4,2,99,2,none
2026-08-04T19:25:01.349862+00:00,Miami,KXHIGHMIA-26AUG05-T86,less,86,87.0,39,2,99,37,buy_yes
2026-08-04T19:25:01.349958+00:00,Miami,KXHIGHMIA-26AUG04-T93,greater,93,87.0,4,1,,3,none
2026-08-04T19:25:01.350034+00:00,Miami,KXHIGHMIA-26AUG04-T86,less,86,87.0,39,1,,38,buy_yes
2026-08-04T23:58:50.674369+00:00,New York,KXHIGHNY-26AUG05-T87,greater,87,79.0,1,1,,0,none
2026-08-04T23:58:50.674500+00:00,New York,KXHIGHNY-26AUG05-T80,less,80,79.0,61,6,95,55,buy_yes
2026-08-04T23:58:50.674555+00:00,New York,KXHIGHNY-26AUG04-T88,greater,88,79.0,1,1,,0,none
2026-08-04T23:58:50.674595+00:00,New York,KXHIGHNY-26AUG04-T81,less,81,79.0,72,1,,71,buy_yes
2026-08-04T23:58:50.792903+00:00,Chicago,KXHIGHCHI-26AUG05-T86,greater,86,78.0,1,2,99,0,none
2026-08-04T23:58:50.792987+00:00,Chicago,KXHIGHCHI-26AUG05-T79,less,79,78.0,61,16,85,45,buy_yes
2026-08-04T23:58:50.793038+00:00,Chicago,KXHIGHCHI-26AUG04-T88,greater,88,78.0,0,1,,-1,none
2026-08-04T23:58:50.793078+00:00,Chicago,KXHIGHCHI-26AUG04-T81,less,81,78.0,80,1,,79,buy_yes
2026-08-04T23:58:50.909330+00:00,Austin,KXHIGHAUS-26AUG05-T96,less,96,99.0,20,2,99,18,buy_yes
2026-08-04T23:58:50.909404+00:00,Austin,KXHIGHAUS-26AUG05-T103,greater,103,99.0,13,2,99,11,buy_yes
2026-08-04T23:58:50.909446+00:00,Austin,KXHIGHAUS-26AUG04-T97,less,97,99.0,28,1,,27,buy_yes
2026-08-04T23:58:50.909503+00:00,Austin,KXHIGHAUS-26AUG04-T104,greater,104,99.0,8,1,,7,buy_yes
2026-08-04T23:58:51.026324+00:00,Miami,KXHIGHMIA-26AUG05-T93,greater,93,87.0,4,2,99,2,none
2026-08-04T23:58:51.026394+00:00,Miami,KXHIGHMIA-26AUG05-T86,less,86,87.0,39,2,99,37,buy_yes
2026-08-04T23:58:51.026435+00:00,Miami,KXHIGHMIA-26AUG04-T93,greater,93,87.0,4,1,,3,none
2026-08-04T23:58:51.026487+00:00,Miami,KXHIGHMIA-26AUG04-T86,less,86,87.0,39,1,,38,buy_yes
2026-08-05T08:28:34.341818+00:00,New York,KXHIGHNY-26AUG05-T87,greater,87,90.0,80,1,,79,buy_yes
2026-08-05T08:28:34.342079+00:00,New York,KXHIGHNY-26AUG05-T80,less,80,90.0,0,3,98,2,none
2026-08-05T08:28:34.453129+00:00,Chicago,KXHIGHCHI-26AUG05-T86,greater,86,75.0,0,4,97,3,none
2026-08-05T08:28:34.453329+00:00,Chicago,KXHIGHCHI-26AUG05-T79,less,79,75.0,87,5,96,82,buy_yes
2026-08-05T08:28:34.551564+00:00,Austin,KXHIGHAUS-26AUG05-T96,less,96,99.0,20,1,,19,buy_yes
2026-08-05T08:28:34.551822+00:00,Austin,KXHIGHAUS-26AUG05-T103,greater,103,99.0,13,2,,11,buy_yes
2026-08-05T08:28:34.652435+00:00,Miami,KXHIGHMIA-26AUG05-T93,greater,93,87.0,4,3,98,1,none
2026-08-05T08:28:34.652649+00:00,Miami,KXHIGHMIA-26AUG05-T86,less,86,87.0,39,1,,38,buy_yes
2026-08-05T13:57:47.134413+00:00,New York,KXHIGHNY-26AUG05-T87,greater,87,90.0,80,1,,79,buy_yes
2026-08-05T13:57:47.134688+00:00,New York,KXHIGHNY-26AUG05-T80,less,80,90.0,0,1,,-1,none
2026-08-05T13:57:47.215735+00:00,Chicago,KXHIGHCHI-26AUG05-T86,greater,86,75.0,0,4,98,2,none
2026-08-05T13:57:47.215971+00:00,Chicago,KXHIGHCHI-26AUG05-T79,less,79,75.0,87,7,94,80,buy_yes
2026-08-05T13:57:47.292001+00:00,Austin,KXHIGHAUS-26AUG05-T96,less,96,99.0,20,1,,19,buy_yes
2026-08-05T13:57:47.292159+00:00,Austin,KXHIGHAUS-26AUG05-T103,greater,103,99.0,13,1,,12,buy_yes
2026-08-05T13:57:47.367847+00:00,Miami,KXHIGHMIA-26AUG05-T93,greater,93,87.0,4,1,,3,none
2026-08-05T13:57:47.368029+00:00,Miami,KXHIGHMIA-26AUG05-T86,less,86,87.0,39,2,99,37,buy_yes
2026-08-05T19:23:26.220748+00:00,New York,KXHIGHNY-26AUG06-T95,greater,95,85.0,0,1,,-1,none
2026-08-05T19:23:26.220912+00:00,New York,KXHIGHNY-26AUG06-T88,less,88,85.0,80,32,69,48,buy_yes
2026-08-05T19:23:26.220985+00:00,New York,KXHIGHNY-26AUG05-T87,greater,87,85.0,28,1,,27,buy_yes
2026-08-05T19:23:26.221040+00:00,New York,KXHIGHNY-26AUG05-T80,less,80,85.0,8,1,,7,buy_yes
2026-08-05T19:23:26.267040+00:00,Chicago,KXHIGHCHI-26AUG06-T83,greater,83,75.0,1,3,98,1,none
2026-08-05T19:23:26.267165+00:00,Chicago,KXHIGHCHI-26AUG06-T76,less,76,75.0,61,3,98,58,buy_yes
2026-08-05T19:23:26.267225+00:00,Chicago,KXHIGHCHI-26AUG05-T86,greater,86,75.0,0,1,,-1,none
2026-08-05T19:23:26.267268+00:00,Chicago,KXHIGHCHI-26AUG05-T79,less,79,75.0,87,1,,86,buy_yes
2026-08-05T19:23:26.311215+00:00,Austin,KXHIGHAUS-26AUG06-T96,less,96,99.0,20,3,98,17,buy_yes
2026-08-05T19:23:26.311320+00:00,Austin,KXHIGHAUS-26AUG06-T103,greater,103,99.0,13,2,99,11,buy_yes
2026-08-05T19:23:26.311364+00:00,Austin,KXHIGHAUS-26AUG05-T96,less,96,99.0,20,1,,19,buy_yes
2026-08-05T19:23:26.311400+00:00,Austin,KXHIGHAUS-26AUG05-T103,greater,103,99.0,13,1,,12,buy_yes
2026-08-05T19:23:26.350488+00:00,Miami,KXHIGHMIA-26AUG06-T92,greater,92,87.0,8,3,98,5,buy_yes
2026-08-05T19:23:26.350584+00:00,Miami,KXHIGHMIA-26AUG06-T85,less,85,87.0,28,1,,27,buy_yes
2026-08-05T19:23:26.350626+00:00,Miami,KXHIGHMIA-26AUG05-T93,greater,93,87.0,4,1,,3,none
2026-08-05T19:23:26.350656+00:00,Miami,KXHIGHMIA-26AUG05-T86,less,86,87.0,39,1,,38,buy_yes
2026-08-05T23:55:59.895925+00:00,New York,KXHIGHNY-26AUG06-T95,greater,95,85.0,0,1,,-1,none
2026-08-05T23:55:59.896111+00:00,New York,KXHIGHNY-26AUG06-T88,less,88,85.0,80,18,83,62,buy_yes
2026-08-05T23:55:59.896185+00:00,New York,KXHIGHNY-26AUG05-T87,greater,87,85.0,28,1,,27,buy_yes
2026-08-05T23:55:59.896247+00:00,New York,KXHIGHNY-26AUG05-T80,less,80,85.0,8,1,,7,buy_yes
2026-08-05T23:55:59.948437+00:00,Chicago,KXHIGHCHI-26AUG06-T83,greater,83,75.0,1,3,98,1,none
2026-08-05T23:55:59.948568+00:00,Chicago,KXHIGHCHI-26AUG06-T76,less,76,75.0,61,4,97,57,buy_yes
2026-08-05T23:55:59.948642+00:00,Chicago,KXHIGHCHI-26AUG05-T86,greater,86,75.0,0,1,,-1,none
2026-08-05T23:55:59.948703+00:00,Chicago,KXHIGHCHI-26AUG05-T79,less,79,75.0,87,1,,86,buy_yes
2026-08-05T23:55:59.996455+00:00,Austin,KXHIGHAUS-26AUG06-T96,less,96,99.0,20,2,99,18,buy_yes
2026-08-05T23:55:59.996570+00:00,Austin,KXHIGHAUS-26AUG06-T103,greater,103,99.0,13,1,,12,buy_yes
2026-08-05T23:55:59.996631+00:00,Austin,KXHIGHAUS-26AUG05-T96,less,96,99.0,20,1,,19,buy_yes
2026-08-05T23:55:59.996683+00:00,Austin,KXHIGHAUS-26AUG05-T103,greater,103,99.0,13,1,,12,buy_yes
2026-08-05T23:56:00.039602+00:00,Miami,KXHIGHMIA-26AUG06-T92,greater,92,87.0,8,2,99,6,buy_yes
2026-08-05T23:56:00.039711+00:00,Miami,KXHIGHMIA-26AUG06-T85,less,85,87.0,28,1,,27,buy_yes
2026-08-05T23:56:00.039771+00:00,Miami,KXHIGHMIA-26AUG05-T93,greater,93,87.0,4,1,,3,none
2026-08-05T23:56:00.039818+00:00,Miami,KXHIGHMIA-26AUG05-T86,less,86,87.0,39,1,,38,buy_yes
2026-08-06T08:27:18.253770+00:00,New York,KXHIGHNY-26AUG06-T95,greater,95,91.0,13,1,,12,buy_yes
2026-08-06T08:27:18.253962+00:00,New York,KXHIGHNY-26AUG06-T88,less,88,91.0,20,24,83,-3,none
2026-08-06T08:27:18.494858+00:00,Chicago,KXHIGHCHI-26AUG06-T83,greater,83,82.0,39,4,99,35,buy_yes
2026-08-06T08:27:18.495019+00:00,Chicago,KXHIGHCHI-26AUG06-T76,less,76,82.0,4,4,98,0,none
2026-08-06T08:27:18.521117+00:00,Austin,KXHIGHAUS-26AUG06-T96,less,96,98.0,28,2,99,26,buy_yes
2026-08-06T08:27:18.521262+00:00,Austin,KXHIGHAUS-26AUG06-T103,greater,103,98.0,8,7,,1,none
2026-08-06T08:27:18.623316+00:00,Miami,KXHIGHMIA-26AUG06-T92,greater,92,88.0,13,4,97,9,buy_yes
2026-08-06T08:27:18.623476+00:00,Miami,KXHIGHMIA-26AUG06-T85,less,85,88.0,20,1,,19,buy_yes
2026-08-06T13:55:02.622116+00:00,New York,KXHIGHNY-26AUG06-T95,greater,95,91.0,13,1,,12,buy_yes
2026-08-06T13:55:02.622348+00:00,New York,KXHIGHNY-26AUG06-T88,less,88,91.0,20,44,58,22,buy_no
2026-08-06T13:55:02.869916+00:00,Chicago,KXHIGHCHI-26AUG06-T83,greater,83,82.0,39,3,98,36,buy_yes
2026-08-06T13:55:02.870073+00:00,Chicago,KXHIGHCHI-26AUG06-T76,less,76,82.0,4,4,97,0,none
2026-08-06T13:55:03.122659+00:00,Austin,KXHIGHAUS-26AUG06-T96,less,96,98.0,28,1,,27,buy_yes
2026-08-06T13:55:03.122847+00:00,Austin,KXHIGHAUS-26AUG06-T103,greater,103,98.0,8,1,,7,buy_yes
2026-08-06T13:55:03.210121+00:00,Miami,KXHIGHMIA-26AUG06-T92,greater,92,88.0,13,4,97,9,buy_yes
2026-08-06T13:55:03.210354+00:00,Miami,KXHIGHMIA-26AUG06-T85,less,85,88.0,20,1,,19,buy_yes
2026-08-06T23:54:12.562401+00:00,New York,KXHIGHNY-26AUG07-T96,greater,96,88.0,1,1,,0,none
2026-08-06T23:54:12.562628+00:00,New York,KXHIGHNY-26AUG07-T89,less,89,88.0,61,28,73,33,buy_yes
2026-08-06T23:54:12.562738+00:00,New York,KXHIGHNY-26AUG06-T95,greater,95,88.0,2,1,,1,none
2026-08-06T23:54:12.562828+00:00,New York,KXHIGHNY-26AUG06-T88,less,88,88.0,50,1,,49,buy_yes
2026-08-06T23:54:12.700962+00:00,Chicago,KXHIGHCHI-26AUG07-T89,greater,89,84.0,8,3,98,5,buy_yes
2026-08-06T23:54:12.701124+00:00,Chicago,KXHIGHCHI-26AUG07-T82,less,82,84.0,28,2,99,26,buy_yes
2026-08-06T23:54:12.701229+00:00,Chicago,KXHIGHCHI-26AUG06-T83,greater,83,84.0,61,1,,60,buy_yes
2026-08-06T23:54:12.701321+00:00,Chicago,KXHIGHCHI-26AUG06-T76,less,76,84.0,1,1,,0,none
2026-08-06T23:54:12.835966+00:00,Austin,KXHIGHAUS-26AUG07-T95,less,95,98.0,20,1,,19,buy_yes
2026-08-06T23:54:12.836178+00:00,Austin,KXHIGHAUS-26AUG07-T102,greater,102,98.0,13,1,,12,buy_yes
2026-08-06T23:54:12.836269+00:00,Austin,KXHIGHAUS-26AUG06-T96,less,96,98.0,28,1,,27,buy_yes
2026-08-06T23:54:12.836360+00:00,Austin,KXHIGHAUS-26AUG06-T103,greater,103,98.0,8,1,,7,buy_yes
2026-08-06T23:54:13.015251+00:00,Miami,KXHIGHMIA-26AUG07-T93,greater,93,88.0,8,3,98,5,buy_yes
2026-08-06T23:54:13.015403+00:00,Miami,KXHIGHMIA-26AUG07-T86,less,86,88.0,28,2,99,26,buy_yes
2026-08-06T23:54:13.015494+00:00,Miami,KXHIGHMIA-26AUG06-T92,greater,92,88.0,13,1,,12,buy_yes
2026-08-06T23:54:13.015569+00:00,Miami,KXHIGHMIA-26AUG06-T85,less,85,88.0,20,1,,19,buy_yes
2026-08-07T07:07:29.670397+00:00,New York,KXHIGHNY-26AUG07-T96,greater,96,87.0,1,1,,0,none
2026-08-07T07:07:29.670585+00:00,New York,KXHIGHNY-26AUG07-T89,less,89,87.0,72,20,81,52,buy_yes
2026-08-07T07:07:29.736100+00:00,Chicago,KXHIGHCHI-26AUG07-T89,greater,89,78.0,0,2,99,1,none
2026-08-07T07:07:29.736282+00:00,Chicago,KXHIGHCHI-26AUG07-T82,less,82,78.0,87,3,98,84,buy_yes
2026-08-07T07:07:29.780936+00:00,Austin,KXHIGHAUS-26AUG07-T95,less,95,99.0,13,1,,12,buy_yes
2026-08-07T07:07:29.781115+00:00,Austin,KXHIGHAUS-26AUG07-T102,greater,102,99.0,20,1,,19,buy_yes
2026-08-07T07:07:29.828891+00:00,Miami,KXHIGHMIA-26AUG07-T93,greater,93,89.0,13,3,98,10,buy_yes
2026-08-07T07:07:29.829038+00:00,Miami,KXHIGHMIA-26AUG07-T86,less,86,89.0,20,1,,19,buy_yes
2026-08-07T12:52:47.452931+00:00,New York,KXHIGHNY-26AUG07-T96,greater,96,86.0,0,1,,-1,none
2026-08-07T12:52:47.453093+00:00,New York,KXHIGHNY-26AUG07-T89,less,89,86.0,80,8,94,72,buy_yes
2026-08-07T12:52:47.515114+00:00,Chicago,KXHIGHCHI-26AUG07-T89,greater,89,78.0,0,1,,-1,none
2026-08-07T12:52:47.515250+00:00,Chicago,KXHIGHCHI-26AUG07-T82,less,82,78.0,87,2,99,85,buy_yes
2026-08-07T12:52:47.585375+00:00,Austin,KXHIGHAUS-26AUG07-T95,less,95,99.0,13,2,99,11,buy_yes
2026-08-07T12:52:47.585578+00:00,Austin,KXHIGHAUS-26AUG07-T102,greater,102,99.0,20,1,,19,buy_yes
2026-08-07T12:52:47.648676+00:00,Miami,KXHIGHMIA-26AUG07-T93,greater,93,89.0,13,4,97,9,buy_yes
2026-08-07T12:52:47.648835+00:00,Miami,KXHIGHMIA-26AUG07-T86,less,86,89.0,20,1,,19,buy_yes
2026-08-07T18:48:41.697339+00:00,New York,KXHIGHNY-26AUG08-T96,greater,96,86.0,0,2,,-2,none
2026-08-07T18:48:41.697536+00:00,New York,KXHIGHNY-26AUG08-T89,less,89,86.0,80,43,58,37,buy_yes
2026-08-07T18:48:41.697597+00:00,New York,KXHIGHNY-26AUG07-T96,greater,96,86.0,0,1,,-1,none
2026-08-07T18:48:41.697639+00:00,New York,KXHIGHNY-26AUG07-T89,less,89,86.0,80,1,,79,buy_yes
2026-08-07T18:48:41.868950+00:00,Chicago,KXHIGHCHI-26AUG08-T88,greater,88,78.0,0,2,99,1,none
2026-08-07T18:48:41.869093+00:00,Chicago,KXHIGHCHI-26AUG08-T81,less,81,78.0,80,5,96,75,buy_yes
2026-08-07T18:48:41.869150+00:00,Chicago,KXHIGHCHI-26AUG07-T89,greater,89,78.0,0,2,,-2,none
2026-08-07T18:48:41.869191+00:00,Chicago,KXHIGHCHI-26AUG07-T82,less,82,78.0,87,1,,86,buy_yes
2026-08-07T18:48:42.002198+00:00,Austin,KXHIGHAUS-26AUG08-T95,less,95,98.0,20,2,99,18,buy_yes
2026-08-07T18:48:42.002361+00:00,Austin,KXHIGHAUS-26AUG08-T102,greater,102,98.0,13,2,99,11,buy_yes
2026-08-07T18:48:42.002436+00:00,Austin,KXHIGHAUS-26AUG07-T95,less,95,98.0,20,1,,19,buy_yes
2026-08-07T18:48:42.002478+00:00,Austin,KXHIGHAUS-26AUG07-T102,greater,102,98.0,13,1,,12,buy_yes
2026-08-07T18:48:42.143888+00:00,Miami,KXHIGHMIA-26AUG08-T94,greater,94,89.0,8,5,96,3,none
2026-08-07T18:48:42.144027+00:00,Miami,KXHIGHMIA-26AUG08-T87,less,87,89.0,28,2,99,26,buy_yes
2026-08-07T18:48:42.144072+00:00,Miami,KXHIGHMIA-26AUG07-T93,greater,93,89.0,13,1,,12,buy_yes
2026-08-07T18:48:42.144104+00:00,Miami,KXHIGHMIA-26AUG07-T86,less,86,89.0,20,1,,19,buy_yes
2026-08-07T23:29:14.724080+00:00,New York,KXHIGHNY-26AUG08-T96,greater,96,86.0,0,1,,-1,none
2026-08-07T23:29:14.724269+00:00,New York,KXHIGHNY-26AUG08-T89,less,89,86.0,80,53,48,27,buy_yes
2026-08-07T23:29:14.724360+00:00,New York,KXHIGHNY-26AUG07-T96,greater,96,86.0,0,1,,-1,none
2026-08-07T23:29:14.724435+00:00,New York,KXHIGHNY-26AUG07-T89,less,89,86.0,80,1,,79,buy_yes
2026-08-07T23:29:14.751072+00:00,Chicago,KXHIGHCHI-26AUG08-T88,greater,88,77.0,0,2,99,1,none
2026-08-07T23:29:14.751251+00:00,Chicago,KXHIGHCHI-26AUG08-T81,less,81,77.0,87,4,97,83,buy_yes
2026-08-07T23:29:14.751348+00:00,Chicago,KXHIGHCHI-26AUG07-T89,greater,89,77.0,0,1,,-1,none
2026-08-07T23:29:14.751424+00:00,Chicago,KXHIGHCHI-26AUG07-T82,less,82,77.0,92,1,,91,buy_yes
2026-08-07T23:29:14.778237+00:00,Austin,KXHIGHAUS-26AUG08-T95,less,95,98.0,20,2,99,18,buy_yes
2026-08-07T23:29:14.778398+00:00,Austin,KXHIGHAUS-26AUG08-T102,greater,102,98.0,13,2,99,11,buy_yes
2026-08-07T23:29:14.778476+00:00,Austin,KXHIGHAUS-26AUG07-T95,less,95,98.0,20,1,,19,buy_yes
2026-08-07T23:29:14.778539+00:00,Austin,KXHIGHAUS-26AUG07-T102,greater,102,98.0,13,1,,12,buy_yes
2026-08-07T23:29:14.806184+00:00,Miami,KXHIGHMIA-26AUG08-T94,greater,94,89.0,8,4,98,4,buy_yes
2026-08-07T23:29:14.806325+00:00,Miami,KXHIGHMIA-26AUG08-T87,less,87,89.0,28,2,99,26,buy_yes
2026-08-07T23:29:14.806411+00:00,Miami,KXHIGHMIA-26AUG07-T93,greater,93,89.0,13,1,,12,buy_yes
2026-08-07T23:29:14.806476+00:00,Miami,KXHIGHMIA-26AUG07-T86,less,86,89.0,20,1,,19,buy_yes
2026-08-08T06:43:07.576567+00:00,New York,KXHIGHNY-26AUG08-T96,greater,96,86.0,0,1,,-1,none
2026-08-08T06:43:07.576773+00:00,New York,KXHIGHNY-26AUG08-T89,less,89,86.0,80,39,62,41,buy_yes
2026-08-08T06:43:07.639619+00:00,Chicago,KXHIGHCHI-26AUG08-T88,greater,88,86.0,28,2,99,26,buy_yes
2026-08-08T06:43:07.639782+00:00,Chicago,KXHIGHCHI-26AUG08-T81,less,81,86.0,8,5,97,3,none
2026-08-08T06:43:07.686649+00:00,Austin,KXHIGHAUS-26AUG08-T95,less,95,98.0,20,2,99,18,buy_yes
2026-08-08T06:43:07.686796+00:00,Austin,KXHIGHAUS-26AUG08-T102,greater,102,98.0,13,2,99,11,buy_yes
2026-08-08T06:43:07.737053+00:00,Miami,KXHIGHMIA-26AUG08-T94,greater,94,89.0,8,2,99,6,buy_yes
2026-08-08T06:43:07.737256+00:00,Miami,KXHIGHMIA-26AUG08-T87,less,87,89.0,28,1,,27,buy_yes
2026-08-08T12:37:18.211214+00:00,New York,KXHIGHNY-26AUG08-T96,greater,96,86.0,0,1,,-1,none
2026-08-08T12:37:18.211423+00:00,New York,KXHIGHNY-26AUG08-T89,less,89,86.0,80,24,77,56,buy_yes
2026-08-08T12:37:18.305022+00:00,Chicago,KXHIGHCHI-26AUG08-T88,greater,88,86.0,28,3,98,25,buy_yes
2026-08-08T12:37:18.305241+00:00,Chicago,KXHIGHCHI-26AUG08-T81,less,81,86.0,8,2,99,6,buy_yes
2026-08-08T12:37:18.335475+00:00,Austin,KXHIGHAUS-26AUG08-T95,less,95,99.0,13,2,99,11,buy_yes
2026-08-08T12:37:18.335611+00:00,Austin,KXHIGHAUS-26AUG08-T102,greater,102,99.0,20,2,99,18,buy_yes
2026-08-08T12:37:18.358824+00:00,Miami,KXHIGHMIA-26AUG08-T94,greater,94,89.0,8,2,99,6,buy_yes
2026-08-08T12:37:18.358970+00:00,Miami,KXHIGHMIA-26AUG08-T87,less,87,89.0,28,1,,27,buy_yes
2026-08-08T18:29:53.097097+00:00,New York,KXHIGHNY-26AUG09-T97,greater,97,87.0,0,2,99,1,none
2026-08-08T18:29:53.097255+00:00,New York,KXHIGHNY-26AUG09-T90,less,90,87.0,80,20,81,60,buy_yes
2026-08-08T18:29:53.097356+00:00,New York,KXHIGHNY-26AUG08-T96,greater,96,87.0,1,1,,0,none
2026-08-08T18:29:53.097443+00:00,New York,KXHIGHNY-26AUG08-T89,less,89,87.0,72,79,22,6,buy_no
2026-08-08T18:29:53.206192+00:00,Chicago,KXHIGHCHI-26AUG09-T90,greater,90,83.0,2,2,99,0,none
2026-08-08T18:29:53.206319+00:00,Chicago,KXHIGHCHI-26AUG09-T83,less,83,83.0,50,36,65,14,buy_yes
2026-08-08T18:29:53.206419+00:00,Chicago,KXHIGHCHI-26AUG08-T88,greater,88,83.0,8,1,,7,buy_yes
2026-08-08T18:29:53.206508+00:00,Chicago,KXHIGHCHI-26AUG08-T81,less,81,83.0,28,1,,27,buy_yes
2026-08-08T18:29:53.282195+00:00,Austin,KXHIGHAUS-26AUG09-T95,less,95,99.0,13,2,99,11,buy_yes
2026-08-08T18:29:53.282314+00:00,Austin,KXHIGHAUS-26AUG09-T102,greater,102,99.0,20,2,99,18,buy_yes
2026-08-08T18:29:53.282401+00:00,Austin,KXHIGHAUS-26AUG08-T95,less,95,99.0,13,1,,12,buy_yes
2026-08-08T18:29:53.282481+00:00,Austin,KXHIGHAUS-26AUG08-T102,greater,102,99.0,20,1,,19,buy_yes
2026-08-08T18:29:53.362384+00:00,Miami,KXHIGHMIA-26AUG09-T94,greater,94,89.0,8,4,97,4,buy_yes
2026-08-08T18:29:53.362492+00:00,Miami,KXHIGHMIA-26AUG09-T87,less,87,89.0,28,1,,27,buy_yes
2026-08-08T18:29:53.362575+00:00,Miami,KXHIGHMIA-26AUG08-T94,greater,94,89.0,8,1,,7,buy_yes
2026-08-08T18:29:53.362649+00:00,Miami,KXHIGHMIA-26AUG08-T87,less,87,89.0,28,1,,27,buy_yes
2026-08-08T23:23:23.444505+00:00,New York,KXHIGHNY-26AUG09-T97,greater,97,87.0,0,1,,-1,none
2026-08-08T23:23:23.444696+00:00,New York,KXHIGHNY-26AUG09-T90,less,90,87.0,80,17,84,63,buy_yes
2026-08-08T23:23:23.444788+00:00,New York,KXHIGHNY-26AUG08-T96,greater,96,87.0,1,1,,0,none
2026-08-08T23:23:23.444863+00:00,New York,KXHIGHNY-26AUG08-T89,less,89,87.0,72,,1,27,buy_no
2026-08-08T23:23:23.545812+00:00,Chicago,KXHIGHCHI-26AUG09-T90,greater,90,83.0,2,2,99,0,none
2026-08-08T23:23:23.545975+00:00,Chicago,KXHIGHCHI-26AUG09-T83,less,83,83.0,50,40,61,10,buy_yes
2026-08-08T23:23:23.546069+00:00,Chicago,KXHIGHCHI-26AUG08-T88,greater,88,83.0,8,1,,7,buy_yes
2026-08-08T23:23:23.546192+00:00,Chicago,KXHIGHCHI-26AUG08-T81,less,81,83.0,28,1,,27,buy_yes
2026-08-08T23:23:23.628592+00:00,Austin,KXHIGHAUS-26AUG09-T95,less,95,99.0,13,2,99,11,buy_yes
2026-08-08T23:23:23.628769+00:00,Austin,KXHIGHAUS-26AUG09-T102,greater,102,99.0,20,2,99,18,buy_yes
2026-08-08T23:23:23.628849+00:00,Austin,KXHIGHAUS-26AUG08-T95,less,95,99.0,13,1,,12,buy_yes
2026-08-08T23:23:23.628917+00:00,Austin,KXHIGHAUS-26AUG08-T102,greater,102,99.0,20,1,,19,buy_yes
2026-08-08T23:23:23.709013+00:00,Miami,KXHIGHMIA-26AUG09-T94,greater,94,89.0,8,3,98,5,buy_yes
2026-08-08T23:23:23.709206+00:00,Miami,KXHIGHMIA-26AUG09-T87,less,87,89.0,28,1,,27,buy_yes
2026-08-08T23:23:23.709287+00:00,Miami,KXHIGHMIA-26AUG08-T94,greater,94,89.0,8,1,,7,buy_yes
2026-08-08T23:23:23.709350+00:00,Miami,KXHIGHMIA-26AUG08-T87,less,87,89.0,28,1,,27,buy_yes
2026-08-09T06:48:12.188473+00:00,New York,KXHIGHNY-26AUG09-T97,greater,97,87.0,0,1,,-1,none
2026-08-09T06:48:12.188702+00:00,New York,KXHIGHNY-26AUG09-T90,less,90,87.0,80,20,81,60,buy_yes
2026-08-09T06:48:12.243095+00:00,Chicago,KXHIGHCHI-26AUG09-T90,greater,90,81.0,1,3,98,1,none
2026-08-09T06:48:12.243240+00:00,Chicago,KXHIGHCHI-26AUG09-T83,less,83,81.0,72,21,80,51,buy_yes
2026-08-09T06:48:12.316988+00:00,Austin,KXHIGHAUS-26AUG09-T95,less,95,98.0,20,2,99,18,buy_yes
2026-08-09T06:48:12.317163+00:00,Austin,KXHIGHAUS-26AUG09-T102,greater,102,98.0,13,1,,12,buy_yes
2026-08-09T06:48:12.366775+00:00,Miami,KXHIGHMIA-26AUG09-T94,greater,94,90.0,13,2,99,11,buy_yes
2026-08-09T06:48:12.366948+00:00,Miami,KXHIGHMIA-26AUG09-T87,less,87,90.0,20,1,,19,buy_yes
2026-08-09T12:40:03.500718+00:00,New York,KXHIGHNY-26AUG09-T97,greater,97,87.0,0,1,,-1,none
2026-08-09T12:40:03.500947+00:00,New York,KXHIGHNY-26AUG09-T90,less,90,87.0,80,9,92,71,buy_yes
2026-08-09T12:40:03.621622+00:00,Chicago,KXHIGHCHI-26AUG09-T90,greater,90,79.0,0,2,99,1,none
2026-08-09T12:40:03.621812+00:00,Chicago,KXHIGHCHI-26AUG09-T83,less,83,79.0,87,8,93,79,buy_yes
2026-08-09T12:40:03.717889+00:00,Austin,KXHIGHAUS-26AUG09-T95,less,95,98.0,20,2,99,18,buy_yes
2026-08-09T12:40:03.718066+00:00,Austin,KXHIGHAUS-26AUG09-T102,greater,102,98.0,13,1,,12,buy_yes
2026-08-09T12:40:03.814955+00:00,Miami,KXHIGHMIA-26AUG09-T94,greater,94,90.0,13,2,99,11,buy_yes
2026-08-09T12:40:03.815145+00:00,Miami,KXHIGHMIA-26AUG09-T87,less,87,90.0,20,1,,19,buy_yes
2026-08-09T18:33:38.423274+00:00,New York,KXHIGHNY-26AUG10-T96,greater,96,87.0,1,1,,0,none
2026-08-09T18:33:38.423474+00:00,New York,KXHIGHNY-26AUG10-T89,less,89,87.0,72,10,91,62,buy_yes
2026-08-09T18:33:38.423581+00:00,New York,KXHIGHNY-26AUG09-T97,greater,97,87.0,0,1,,-1,none
2026-08-09T18:33:38.423714+00:00,New York,KXHIGHNY-26AUG09-T90,less,90,87.0,80,49,52,31,buy_yes
2026-08-09T18:33:38.526847+00:00,Chicago,KXHIGHCHI-26AUG10-T89,greater,89,79.0,0,2,99,1,none
2026-08-09T18:33:38.527062+00:00,Chicago,KXHIGHCHI-26AUG10-T82,less,82,79.0,80,13,88,67,buy_yes
2026-08-09T18:33:38.527171+00:00,Chicago,KXHIGHCHI-26AUG09-T90,greater,90,79.0,0,1,,-1,none
2026-08-09T18:33:38.527261+00:00,Chicago,KXHIGHCHI-26AUG09-T83,less,83,79.0,87,1,,86,buy_yes
2026-08-09T18:33:38.629765+00:00,Austin,KXHIGHAUS-26AUG10-T94,less,94,98.0,13,2,99,11,buy_yes
2026-08-09T18:33:38.629927+00:00,Austin,KXHIGHAUS-26AUG10-T101,greater,101,98.0,20,3,99,17,buy_yes
2026-08-09T18:33:38.630022+00:00,Austin,KXHIGHAUS-26AUG09-T95,less,95,98.0,20,1,,19,buy_yes
2026-08-09T18:33:38.630101+00:00,Austin,KXHIGHAUS-26AUG09-T102,greater,102,98.0,13,1,,12,buy_yes
2026-08-09T18:33:38.738310+00:00,Miami,KXHIGHMIA-26AUG10-T95,greater,95,90.0,8,4,98,4,buy_yes
2026-08-09T18:33:38.738458+00:00,Miami,KXHIGHMIA-26AUG10-T88,less,88,90.0,28,1,,27,buy_yes
2026-08-09T18:33:38.738543+00:00,Miami,KXHIGHMIA-26AUG09-T94,greater,94,90.0,13,1,,12,buy_yes
2026-08-09T18:33:38.738650+00:00,Miami,KXHIGHMIA-26AUG09-T87,less,87,90.0,20,1,,19,buy_yes
2026-08-09T23:26:16.827548+00:00,New York,KXHIGHNY-26AUG10-T96,greater,96,88.0,1,1,,0,none
2026-08-09T23:26:16.827745+00:00,New York,KXHIGHNY-26AUG10-T89,less,89,88.0,61,27,74,34,buy_yes
2026-08-09T23:26:16.827839+00:00,New York,KXHIGHNY-26AUG09-T97,greater,97,88.0,1,1,,0,none
2026-08-09T23:26:16.827916+00:00,New York,KXHIGHNY-26AUG09-T90,less,90,88.0,72,97,4,24,buy_no
2026-08-09T23:26:16.881558+00:00,Chicago,KXHIGHCHI-26AUG10-T89,greater,89,81.0,1,2,99,0,none
2026-08-09T23:26:16.881738+00:00,Chicago,KXHIGHCHI-26AUG10-T82,less,82,81.0,61,19,82,42,buy_yes
2026-08-09T23:26:16.881839+00:00,Chicago,KXHIGHCHI-26AUG09-T90,greater,90,81.0,1,1,,0,none
2026-08-09T23:26:16.881915+00:00,Chicago,KXHIGHCHI-26AUG09-T83,less,83,81.0,72,1,,71,buy_yes
2026-08-09T23:26:16.950731+00:00,Austin,KXHIGHAUS-26AUG10-T94,less,94,97.0,20,2,99,18,buy_yes
2026-08-09T23:26:16.950902+00:00,Austin,KXHIGHAUS-26AUG10-T101,greater,101,97.0,13,3,99,10,buy_yes
2026-08-09T23:26:16.950982+00:00,Austin,KXHIGHAUS-26AUG09-T95,less,95,97.0,28,1,,27,buy_yes
2026-08-09T23:26:16.951047+00:00,Austin,KXHIGHAUS-26AUG09-T102,greater,102,97.0,8,1,,7,buy_yes
2026-08-09T23:26:17.018691+00:00,Miami,KXHIGHMIA-26AUG10-T95,greater,95,90.0,8,4,97,4,buy_yes
2026-08-09T23:26:17.018860+00:00,Miami,KXHIGHMIA-26AUG10-T88,less,88,90.0,28,1,,27,buy_yes
2026-08-09T23:26:17.018936+00:00,Miami,KXHIGHMIA-26AUG09-T94,greater,94,90.0,13,1,,12,buy_yes
2026-08-09T23:26:17.019000+00:00,Miami,KXHIGHMIA-26AUG09-T87,less,87,90.0,20,1,,19,buy_yes
2026-08-10T07:22:27.447395+00:00,New York,KXHIGHNY-26AUG10-T96,greater,96,85.0,0,1,,-1,none
2026-08-10T07:22:27.447566+00:00,New York,KXHIGHNY-26AUG10-T89,less,89,85.0,87,45,56,42,buy_yes
2026-08-10T07:22:27.472482+00:00,Chicago,KXHIGHCHI-26AUG10-T89,greater,89,79.0,0,3,98,2,none
2026-08-10T07:22:27.472619+00:00,Chicago,KXHIGHCHI-26AUG10-T82,less,82,79.0,80,17,84,63,buy_yes
2026-08-10T07:22:27.574942+00:00,Austin,KXHIGHAUS-26AUG10-T94,less,94,101.0,2,1,,1,none
2026-08-10T07:22:27.575115+00:00,Austin,KXHIGHAUS-26AUG10-T101,greater,101,101.0,50,1,,49,buy_yes
2026-08-10T07:22:27.671388+00:00,Miami,KXHIGHMIA-26AUG10-T95,greater,95,90.0,8,2,99,6,buy_yes
2026-08-10T07:22:27.671577+00:00,Miami,KXHIGHMIA-26AUG10-T88,less,88,90.0,28,1,,27,buy_yes
2026-08-10T12:57:00.171180+00:00,New York,KXHIGHNY-26AUG10-T96,greater,96,86.0,0,1,,-1,none
2026-08-10T12:57:00.171380+00:00,New York,KXHIGHNY-26AUG10-T89,less,89,86.0,80,42,59,38,buy_yes
2026-08-10T12:57:00.405790+00:00,Chicago,KXHIGHCHI-26AUG10-T89,greater,89,79.0,0,1,,-1,none
2026-08-10T12:57:00.405985+00:00,Chicago,KXHIGHCHI-26AUG10-T82,less,82,79.0,80,6,95,74,buy_yes
2026-08-10T12:57:00.579973+00:00,Austin,KXHIGHAUS-26AUG10-T94,less,94,101.0,2,1,,1,none
2026-08-10T12:57:00.580182+00:00,Austin,KXHIGHAUS-26AUG10-T101,greater,101,101.0,50,1,,49,buy_yes
2026-08-10T12:57:00.749118+00:00,Miami,KXHIGHMIA-26AUG10-T95,greater,95,90.0,8,2,99,6,buy_yes
2026-08-10T12:57:00.749307+00:00,Miami,KXHIGHMIA-26AUG10-T88,less,88,90.0,28,1,,27,buy_yes
2026-08-10T18:50:36.939027+00:00,New York,KXHIGHNY-26AUG11-T96,greater,96,86.0,0,1,,-1,none
2026-08-10T18:50:36.939189+00:00,New York,KXHIGHNY-26AUG11-T89,less,89,86.0,80,75,27,5,buy_yes
2026-08-10T18:50:36.939252+00:00,New York,KXHIGHNY-26AUG10-T96,greater,96,86.0,0,1,,-1,none
2026-08-10T18:50:36.939301+00:00,New York,KXHIGHNY-26AUG10-T89,less,89,86.0,80,93,8,12,buy_no
2026-08-10T18:50:37.041715+00:00,Chicago,KXHIGHCHI-26AUG11-T87,greater,87,79.0,1,2,,-1,none
2026-08-10T18:50:37.041860+00:00,Chicago,KXHIGHCHI-26AUG11-T80,less,80,79.0,61,39,62,22,buy_yes
2026-08-10T18:50:37.041923+00:00,Chicago,KXHIGHCHI-26AUG10-T89,greater,89,79.0,0,3,98,2,none
2026-08-10T18:50:37.041969+00:00,Chicago,KXHIGHCHI-26AUG10-T82,less,82,79.0,80,1,,79,buy_yes
2026-08-10T18:50:37.150584+00:00,Austin,KXHIGHAUS-26AUG11-T97,less,97,101.0,13,5,96,8,buy_yes
2026-08-10T18:50:37.150720+00:00,Austin,KXHIGHAUS-26AUG11-T104,greater,104,101.0,20,2,99,18,buy_yes
2026-08-10T18:50:37.150774+00:00,Austin,KXHIGHAUS-26AUG10-T94,less,94,101.0,2,1,,1,none
2026-08-10T18:50:37.150810+00:00,Austin,KXHIGHAUS-26AUG10-T101,greater,101,101.0,50,1,,49,buy_yes
2026-08-10T18:50:37.258717+00:00,Miami,KXHIGHMIA-26AUG11-T95,greater,95,90.0,8,4,97,4,buy_yes
2026-08-10T18:50:37.258835+00:00,Miami,KXHIGHMIA-26AUG11-T88,less,88,90.0,28,1,,27,buy_yes
2026-08-10T18:50:37.258882+00:00,Miami,KXHIGHMIA-26AUG10-T95,greater,95,90.0,8,1,,7,buy_yes
2026-08-10T18:50:37.258919+00:00,Miami,KXHIGHMIA-26AUG10-T88,less,88,90.0,28,1,,27,buy_yes
2026-08-10T23:30:02.101307+00:00,New York,KXHIGHNY-26AUG11-T96,greater,96,85.0,0,1,,-1,none
2026-08-10T23:30:02.101510+00:00,New York,KXHIGHNY-26AUG11-T89,less,89,85.0,87,82,19,5,buy_yes
2026-08-10T23:30:02.101614+00:00,New York,KXHIGHNY-26AUG10-T96,greater,96,85.0,0,1,,-1,none
2026-08-10T23:30:02.101702+00:00,New York,KXHIGHNY-26AUG10-T89,less,89,85.0,87,,1,12,buy_no
2026-08-10T23:30:02.134276+00:00,Chicago,KXHIGHCHI-26AUG11-T87,greater,87,80.0,2,2,,0,none
2026-08-10T23:30:02.134465+00:00,Chicago,KXHIGHCHI-26AUG11-T80,less,80,80.0,50,39,62,11,buy_yes
2026-08-10T23:30:02.134572+00:00,Chicago,KXHIGHCHI-26AUG10-T89,greater,89,80.0,1,1,,0,none
2026-08-10T23:30:02.134657+00:00,Chicago,KXHIGHCHI-26AUG10-T82,less,82,80.0,72,1,,71,buy_yes
2026-08-10T23:30:02.166189+00:00,Austin,KXHIGHAUS-26AUG11-T97,less,97,100.0,20,4,97,16,buy_yes
2026-08-10T23:30:02.166358+00:00,Austin,KXHIGHAUS-26AUG11-T104,greater,104,100.0,13,1,,12,buy_yes
2026-08-10T23:30:02.166447+00:00,Austin,KXHIGHAUS-26AUG10-T94,less,94,100.0,4,1,,3,none
2026-08-10T23:30:02.166521+00:00,Austin,KXHIGHAUS-26AUG10-T101,greater,101,100.0,39,1,,38,buy_yes
2026-08-10T23:30:02.198487+00:00,Miami,KXHIGHMIA-26AUG11-T95,greater,95,90.0,8,6,97,2,none
2026-08-10T23:30:02.198651+00:00,Miami,KXHIGHMIA-26AUG11-T88,less,88,90.0,28,1,,27,buy_yes
2026-08-10T23:30:02.198769+00:00,Miami,KXHIGHMIA-26AUG10-T95,greater,95,90.0,8,1,,7,buy_yes
2026-08-10T23:30:02.198851+00:00,Miami,KXHIGHMIA-26AUG10-T88,less,88,90.0,28,1,,27,buy_yes
2026-08-11T06:58:33.833510+00:00,New York,KXHIGHNY-26AUG11-T96,greater,96,84.0,0,1,,-1,none
2026-08-11T06:58:33.833761+00:00,New York,KXHIGHNY-26AUG11-T89,less,89,84.0,92,81,21,11,buy_yes
2026-08-11T06:58:33.883962+00:00,Chicago,KXHIGHCHI-26AUG11-T87,greater,87,78.0,1,1,,0,none
2026-08-11T06:58:33.884164+00:00,Chicago,KXHIGHCHI-26AUG11-T80,less,80,78.0,72,43,58,29,buy_yes
2026-08-11T06:58:33.925767+00:00,Austin,KXHIGHAUS-26AUG11-T97,less,97,101.0,13,2,99,11,buy_yes
2026-08-11T06:58:33.925951+00:00,Austin,KXHIGHAUS-26AUG11-T104,greater,104,101.0,20,1,,19,buy_yes
2026-08-11T06:58:33.983698+00:00,Miami,KXHIGHMIA-26AUG11-T95,greater,95,90.0,8,1,,7,buy_yes
2026-08-11T06:58:33.983893+00:00,Miami,KXHIGHMIA-26AUG11-T88,less,88,90.0,28,1,,27,buy_yes
2026-08-11T12:53:38.167787+00:00,New York,KXHIGHNY-26AUG11-T96,greater,96,86.0,0,1,,-1,none
2026-08-11T12:53:38.167935+00:00,New York,KXHIGHNY-26AUG11-T89,less,89,86.0,80,91,11,9,buy_no
2026-08-11T12:53:38.243007+00:00,Chicago,KXHIGHCHI-26AUG11-T87,greater,87,78.0,1,1,,0,none
2026-08-11T12:53:38.243105+00:00,Chicago,KXHIGHCHI-26AUG11-T80,less,80,78.0,72,24,77,48,buy_yes
2026-08-11T12:53:38.319476+00:00,Austin,KXHIGHAUS-26AUG11-T97,less,97,102.0,8,1,,7,buy_yes
2026-08-11T12:53:38.319575+00:00,Austin,KXHIGHAUS-26AUG11-T104,greater,104,102.0,28,1,,27,buy_yes
2026-08-11T12:53:38.396294+00:00,Miami,KXHIGHMIA-26AUG11-T95,greater,95,90.0,8,1,,7,buy_yes
2026-08-11T12:53:38.396442+00:00,Miami,KXHIGHMIA-26AUG11-T88,less,88,90.0,28,1,,27,buy_yes
2026-08-11T18:56:15.796267+00:00,New York,KXHIGHNY-26AUG12-T90,greater,90,86.0,13,2,,11,buy_yes
2026-08-11T18:56:15.796496+00:00,New York,KXHIGHNY-26AUG12-T83,less,83,86.0,20,6,95,14,buy_yes
2026-08-11T18:56:15.796623+00:00,New York,KXHIGHNY-26AUG11-T96,greater,96,86.0,0,1,,-1,none
2026-08-11T18:56:15.796719+00:00,New York,KXHIGHNY-26AUG11-T89,less,89,86.0,80,,1,19,buy_no
2026-08-11T18:56:15.975614+00:00,Chicago,KXHIGHCHI-26AUG12-T87,greater,87,81.0,4,2,99,2,none
2026-08-11T18:56:15.975801+00:00,Chicago,KXHIGHCHI-26AUG12-T80,less,80,81.0,39,13,88,26,buy_yes
2026-08-11T18:56:15.975920+00:00,Chicago,KXHIGHCHI-26AUG11-T87,greater,87,81.0,4,1,,3,none
2026-08-11T18:56:15.976013+00:00,Chicago,KXHIGHCHI-26AUG11-T80,less,80,81.0,39,45,56,5,buy_no
2026-08-11T18:56:16.131951+00:00,Austin,KXHIGHAUS-26AUG12-T99,less,99,102.0,20,10,91,10,buy_yes
2026-08-11T18:56:16.132142+00:00,Austin,KXHIGHAUS-26AUG12-T106,greater,106,102.0,13,2,,11,buy_yes
2026-08-11T18:56:16.132243+00:00,Austin,KXHIGHAUS-26AUG11-T97,less,97,102.0,8,1,,7,buy_yes
2026-08-11T18:56:16.132338+00:00,Austin,KXHIGHAUS-26AUG11-T104,greater,104,102.0,28,1,,27,buy_yes
2026-08-11T18:56:16.306980+00:00,Miami,KXHIGHMIA-26AUG12-T96,greater,96,90.0,4,4,97,0,none
2026-08-11T18:56:16.307179+00:00,Miami,KXHIGHMIA-26AUG12-T89,less,89,90.0,39,1,,38,buy_yes
2026-08-11T18:56:16.307267+00:00,Miami,KXHIGHMIA-26AUG11-T95,greater,95,90.0,8,1,,7,buy_yes
2026-08-11T18:56:16.307342+00:00,Miami,KXHIGHMIA-26AUG11-T88,less,88,90.0,28,1,,27,buy_yes
2026-08-11T23:34:47.409058+00:00,New York,KXHIGHNY-26AUG12-T90,greater,90,86.0,13,1,,12,buy_yes
2026-08-11T23:34:47.409248+00:00,New York,KXHIGHNY-26AUG12-T83,less,83,86.0,20,8,93,12,buy_yes
2026-08-11T23:34:47.409325+00:00,New York,KXHIGHNY-26AUG11-T96,greater,96,86.0,0,1,,-1,none
2026-08-11T23:34:47.409379+00:00,New York,KXHIGHNY-26AUG11-T89,less,89,86.0,80,,1,19,buy_no
2026-08-11T23:34:47.533315+00:00,Chicago,KXHIGHCHI-26AUG12-T87,greater,87,81.0,4,3,99,1,none
2026-08-11T23:34:47.533488+00:00,Chicago,KXHIGHCHI-26AUG12-T80,less,80,81.0,39,14,87,25,buy_yes
2026-08-11T23:34:47.533573+00:00,Chicago,KXHIGHCHI-26AUG11-T87,greater,87,81.0,4,1,,3,none
2026-08-11T23:34:47.533622+00:00,Chicago,KXHIGHCHI-26AUG11-T80,less,80,81.0,39,1,,38,buy_yes
2026-08-11T23:34:47.656555+00:00,Austin,KXHIGHAUS-26AUG12-T99,less,99,102.0,20,3,98,17,buy_yes
2026-08-11T23:34:47.656727+00:00,Austin,KXHIGHAUS-26AUG12-T106,greater,106,102.0,13,1,,12,buy_yes
2026-08-11T23:34:47.656779+00:00,Austin,KXHIGHAUS-26AUG11-T97,less,97,102.0,8,1,,7,buy_yes
2026-08-11T23:34:47.656822+00:00,Austin,KXHIGHAUS-26AUG11-T104,greater,104,102.0,28,1,,27,buy_yes
2026-08-11T23:34:47.780336+00:00,Miami,KXHIGHMIA-26AUG12-T96,greater,96,90.0,4,4,97,0,none
2026-08-11T23:34:47.780494+00:00,Miami,KXHIGHMIA-26AUG12-T89,less,89,90.0,39,1,,38,buy_yes
2026-08-11T23:34:47.780548+00:00,Miami,KXHIGHMIA-26AUG11-T95,greater,95,90.0,8,1,,7,buy_yes
2026-08-11T23:34:47.780590+00:00,Miami,KXHIGHMIA-26AUG11-T88,less,88,90.0,28,1,,27,buy_yes
2026-08-12T07:17:24.000863+00:00,New York,KXHIGHNY-26AUG12-T90,greater,90,87.0,20,1,,19,buy_yes
2026-08-12T07:17:24.001041+00:00,New York,KXHIGHNY-26AUG12-T83,less,83,87.0,13,3,98,10,buy_yes
2026-08-12T07:17:24.026071+00:00,Chicago,KXHIGHCHI-26AUG12-T87,greater,87,76.0,0,2,99,1,none
2026-08-12T07:17:24.026202+00:00,Chicago,KXHIGHCHI-26AUG12-T80,less,80,76.0,87,29,73,58,buy_yes
2026-08-12T07:17:24.065921+00:00,Austin,KXHIGHAUS-26AUG12-T99,less,99,101.0,28,2,,26,buy_yes
2026-08-12T07:17:24.066041+00:00,Austin,KXHIGHAUS-26AUG12-T106,greater,106,101.0,8,1,,7,buy_yes
2026-08-12T07:17:24.093856+00:00,Miami,KXHIGHMIA-26AUG12-T96,greater,96,90.0,4,2,99,2,none
2026-08-12T07:17:24.093985+00:00,Miami,KXHIGHMIA-26AUG12-T89,less,89,90.0,39,1,,38,buy_yes
2026-08-12T12:58:13.127538+00:00,New York,KXHIGHNY-26AUG12-T90,greater,90,87.0,20,1,,19,buy_yes
2026-08-12T12:58:13.127703+00:00,New York,KXHIGHNY-26AUG12-T83,less,83,87.0,13,3,98,10,buy_yes
2026-08-12T12:58:13.152039+00:00,Chicago,KXHIGHCHI-26AUG12-T87,greater,87,76.0,0,2,,-2,none
2026-08-12T12:58:13.152154+00:00,Chicago,KXHIGHCHI-26AUG12-T80,less,80,76.0,87,28,74,59,buy_yes
2026-08-12T12:58:13.175153+00:00,Austin,KXHIGHAUS-26AUG12-T99,less,99,101.0,28,1,,27,buy_yes
2026-08-12T12:58:13.175251+00:00,Austin,KXHIGHAUS-26AUG12-T106,greater,106,101.0,8,1,,7,buy_yes
2026-08-12T12:58:13.235205+00:00,Miami,KXHIGHMIA-26AUG12-T96,greater,96,90.0,4,1,,3,none
2026-08-12T12:58:13.235363+00:00,Miami,KXHIGHMIA-26AUG12-T89,less,89,90.0,39,1,,38,buy_yes
2026-08-12T18:55:44.948882+00:00,New York,KXHIGHNY-26AUG13-T92,greater,92,87.0,8,1,,7,buy_yes
2026-08-12T18:55:44.949053+00:00,New York,KXHIGHNY-26AUG13-T85,less,85,87.0,28,52,49,23,buy_no
2026-08-12T18:55:44.949120+00:00,New York,KXHIGHNY-26AUG12-T90,greater,90,87.0,20,1,,19,buy_yes
2026-08-12T18:55:44.949179+00:00,New York,KXHIGHNY-26AUG12-T83,less,83,87.0,13,1,,12,buy_yes
2026-08-12T18:55:45.071524+00:00,Chicago,KXHIGHCHI-26AUG13-T83,greater,83,76.0,2,2,99,0,none
2026-08-12T18:55:45.071664+00:00,Chicago,KXHIGHCHI-26AUG13-T76,less,76,76.0,50,13,88,37,buy_yes
2026-08-12T18:55:45.071735+00:00,Chicago,KXHIGHCHI-26AUG12-T87,greater,87,76.0,0,1,,-1,none
2026-08-12T18:55:45.071835+00:00,Chicago,KXHIGHCHI-26AUG12-T80,less,80,76.0,87,1,,86,buy_yes
2026-08-12T18:55:45.186296+00:00,Austin,KXHIGHAUS-26AUG13-T99,less,99,102.0,20,6,95,14,buy_yes
2026-08-12T18:55:45.186442+00:00,Austin,KXHIGHAUS-26AUG13-T106,greater,106,102.0,13,1,,12,buy_yes
2026-08-12T18:55:45.186506+00:00,Austin,KXHIGHAUS-26AUG12-T99,less,99,102.0,20,1,,19,buy_yes
2026-08-12T18:55:45.186567+00:00,Austin,KXHIGHAUS-26AUG12-T106,greater,106,102.0,13,1,,12,buy_yes
2026-08-12T18:55:45.366022+00:00,Miami,KXHIGHMIA-26AUG13-T95,greater,95,90.0,8,4,97,4,buy_yes
2026-08-12T18:55:45.366168+00:00,Miami,KXHIGHMIA-26AUG13-T88,less,88,90.0,28,1,,27,buy_yes
2026-08-12T18:55:45.366227+00:00,Miami,KXHIGHMIA-26AUG12-T96,greater,96,90.0,4,1,,3,none
2026-08-12T18:55:45.366275+00:00,Miami,KXHIGHMIA-26AUG12-T89,less,89,90.0,39,1,,38,buy_yes
2026-08-12T23:36:05.971727+00:00,New York,KXHIGHNY-26AUG13-T92,greater,92,86.0,4,1,,3,none
2026-08-12T23:36:05.971957+00:00,New York,KXHIGHNY-26AUG13-T85,less,85,86.0,39,64,39,22,buy_no
2026-08-12T23:36:05.972128+00:00,New York,KXHIGHNY-26AUG12-T90,greater,90,86.0,13,1,,12,buy_yes
2026-08-12T23:36:05.972230+00:00,New York,KXHIGHNY-26AUG12-T83,less,83,86.0,20,1,,19,buy_yes
2026-08-12T23:36:06.106824+00:00,Chicago,KXHIGHCHI-26AUG13-T83,greater,83,75.0,1,2,99,0,none
2026-08-12T23:36:06.107028+00:00,Chicago,KXHIGHCHI-26AUG13-T76,less,76,75.0,61,8,95,53,buy_yes
2026-08-12T23:36:06.107158+00:00,Chicago,KXHIGHCHI-26AUG12-T87,greater,87,75.0,0,1,,-1,none
2026-08-12T23:36:06.107250+00:00,Chicago,KXHIGHCHI-26AUG12-T80,less,80,75.0,92,1,,91,buy_yes
2026-08-12T23:36:06.243647+00:00,Austin,KXHIGHAUS-26AUG13-T99,less,99,102.0,20,4,97,16,buy_yes
2026-08-12T23:36:06.243881+00:00,Austin,KXHIGHAUS-26AUG13-T106,greater,106,102.0,13,1,,12,buy_yes
2026-08-12T23:36:06.243995+00:00,Austin,KXHIGHAUS-26AUG12-T99,less,99,102.0,20,1,,19,buy_yes
2026-08-12T23:36:06.244117+00:00,Austin,KXHIGHAUS-26AUG12-T106,greater,106,102.0,13,1,,12,buy_yes
2026-08-12T23:36:06.384003+00:00,Miami,KXHIGHMIA-26AUG13-T95,greater,95,90.0,8,3,98,5,buy_yes
2026-08-12T23:36:06.384230+00:00,Miami,KXHIGHMIA-26AUG13-T88,less,88,90.0,28,1,,27,buy_yes
2026-08-12T23:36:06.384320+00:00,Miami,KXHIGHMIA-26AUG12-T96,greater,96,90.0,4,1,,3,none
2026-08-12T23:36:06.384396+00:00,Miami,KXHIGHMIA-26AUG12-T89,less,89,90.0,39,1,,38,buy_yes
2026-08-13T07:19:38.557019+00:00,New York,KXHIGHNY-26AUG13-T92,greater,92,83.0,1,1,,0,none
2026-08-13T07:19:38.557205+00:00,New York,KXHIGHNY-26AUG13-T85,less,85,83.0,72,70,40,2,none
2026-08-13T07:19:38.602176+00:00,Chicago,KXHIGHCHI-26AUG13-T83,greater,83,76.0,2,2,99,0,none
2026-08-13T07:19:38.602353+00:00,Chicago,KXHIGHCHI-26AUG13-T76,less,76,76.0,50,2,,48,buy_yes
2026-08-13T07:19:38.657635+00:00,Austin,KXHIGHAUS-26AUG13-T99,less,99,99.0,50,2,,48,buy_yes
2026-08-13T07:19:38.657801+00:00,Austin,KXHIGHAUS-26AUG13-T106,greater,106,99.0,2,1,,1,none
2026-08-13T07:19:38.705872+00:00,Miami,KXHIGHMIA-26AUG13-T95,greater,95,90.0,8,2,99,6,buy_yes
2026-08-13T07:19:38.706065+00:00,Miami,KXHIGHMIA-26AUG13-T88,less,88,90.0,28,1,,27,buy_yes
2026-08-13T12:58:49.499464+00:00,New York,KXHIGHNY-26AUG13-T92,greater,92,85.0,2,1,,1,none
2026-08-13T12:58:49.499650+00:00,New York,KXHIGHNY-26AUG13-T85,less,85,85.0,50,58,43,7,buy_no
2026-08-13T12:58:49.693704+00:00,Chicago,KXHIGHCHI-26AUG13-T83,greater,83,76.0,2,3,98,0,none
2026-08-13T12:58:49.693865+00:00,Chicago,KXHIGHCHI-26AUG13-T76,less,76,76.0,50,1,,49,buy_yes
2026-08-13T12:58:49.781659+00:00,Austin,KXHIGHAUS-26AUG13-T99,less,99,99.0,50,1,,49,buy_yes
2026-08-13T12:58:49.781830+00:00,Austin,KXHIGHAUS-26AUG13-T106,greater,106,99.0,2,1,,1,none
2026-08-13T12:58:49.878807+00:00,Miami,KXHIGHMIA-26AUG13-T95,greater,95,90.0,8,2,99,6,buy_yes
2026-08-13T12:58:49.879097+00:00,Miami,KXHIGHMIA-26AUG13-T88,less,88,90.0,28,1,,27,buy_yes
2026-08-13T18:56:48.382772+00:00,New York,KXHIGHNY-26AUG14-T92,greater,92,85.0,2,2,,0,none
2026-08-13T18:56:48.382990+00:00,New York,KXHIGHNY-26AUG14-T85,less,85,85.0,50,52,53,-2,none
2026-08-13T18:56:48.383085+00:00,New York,KXHIGHNY-26AUG13-T92,greater,92,85.0,2,1,,1,none
2026-08-13T18:56:48.383161+00:00,New York,KXHIGHNY-26AUG13-T85,less,85,85.0,50,88,13,37,buy_no
2026-08-13T18:56:48.501105+00:00,Chicago,KXHIGHCHI-26AUG14-T83,greater,83,76.0,2,3,98,0,none
2026-08-13T18:56:48.501284+00:00,Chicago,KXHIGHCHI-26AUG14-T76,less,76,76.0,50,7,94,43,buy_yes
2026-08-13T18:56:48.501421+00:00,Chicago,KXHIGHCHI-26AUG13-T83,greater,83,76.0,2,1,,1,none
2026-08-13T18:56:48.501504+00:00,Chicago,KXHIGHCHI-26AUG13-T76,less,76,76.0,50,1,,49,buy_yes
2026-08-13T18:56:48.605990+00:00,Austin,KXHIGHAUS-26AUG14-T95,less,95,99.0,13,2,99,11,buy_yes
2026-08-13T18:56:48.606171+00:00,Austin,KXHIGHAUS-26AUG14-T102,greater,102,99.0,20,1,,19,buy_yes
2026-08-13T18:56:48.606253+00:00,Austin,KXHIGHAUS-26AUG13-T99,less,99,99.0,50,1,,49,buy_yes
2026-08-13T18:56:48.606343+00:00,Austin,KXHIGHAUS-26AUG13-T106,greater,106,99.0,2,1,,1,none
2026-08-13T18:56:48.727923+00:00,Miami,KXHIGHMIA-26AUG14-T96,greater,96,90.0,4,2,99,2,none
2026-08-13T18:56:48.728106+00:00,Miami,KXHIGHMIA-26AUG14-T89,less,89,90.0,39,1,,38,buy_yes
2026-08-13T18:56:48.728192+00:00,Miami,KXHIGHMIA-26AUG13-T95,greater,95,90.0,8,1,,7,buy_yes
2026-08-13T18:56:48.728263+00:00,Miami,KXHIGHMIA-26AUG13-T88,less,88,90.0,28,1,,27,buy_yes
2026-08-13T23:35:54.216538+00:00,New York,KXHIGHNY-26AUG14-T92,greater,92,83.0,1,1,,0,none
2026-08-13T23:35:54.216731+00:00,New York,KXHIGHNY-26AUG14-T85,less,85,83.0,72,52,49,20,buy_yes
2026-08-13T23:35:54.216836+00:00,New York,KXHIGHNY-26AUG13-T92,greater,92,83.0,1,1,,0,none
2026-08-13T23:35:54.216925+00:00,New York,KXHIGHNY-26AUG13-T85,less,85,83.0,72,1,,71,buy_yes
2026-08-13T23:35:54.262057+00:00,Chicago,KXHIGHCHI-26AUG14-T83,greater,83,75.0,1,3,98,1,none
2026-08-13T23:35:54.262230+00:00,Chicago,KXHIGHCHI-26AUG14-T76,less,76,75.0,61,2,99,59,buy_yes
2026-08-13T23:35:54.262351+00:00,Chicago,KXHIGHCHI-26AUG13-T83,greater,83,75.0,1,1,,0,none
2026-08-13T23:35:54.262475+00:00,Chicago,KXHIGHCHI-26AUG13-T76,less,76,75.0,61,1,,60,buy_yes
2026-08-13T23:35:54.307103+00:00,Austin,KXHIGHAUS-26AUG14-T95,less,95,100.0,8,1,,7,buy_yes
2026-08-13T23:35:54.307291+00:00,Austin,KXHIGHAUS-26AUG14-T102,greater,102,100.0,28,1,,27,buy_yes
2026-08-13T23:35:54.307404+00:00,Austin,KXHIGHAUS-26AUG13-T99,less,99,100.0,39,1,,38,buy_yes
2026-08-13T23:35:54.307541+00:00,Austin,KXHIGHAUS-26AUG13-T106,greater,106,100.0,4,1,,3,none
2026-08-13T23:35:54.353956+00:00,Miami,KXHIGHMIA-26AUG14-T96,greater,96,90.0,4,1,,3,none
2026-08-13T23:35:54.354117+00:00,Miami,KXHIGHMIA-26AUG14-T89,less,89,90.0,39,1,,38,buy_yes
2026-08-13T23:35:54.354213+00:00,Miami,KXHIGHMIA-26AUG13-T95,greater,95,90.0,8,1,,7,buy_yes
2026-08-13T23:35:54.354293+00:00,Miami,KXHIGHMIA-26AUG13-T88,less,88,90.0,28,1,,27,buy_yes
2026-08-14T07:17:01.553515+00:00,New York,KXHIGHNY-26AUG14-T92,greater,92,81.0,0,1,,-1,none
2026-08-14T07:17:01.553709+00:00,New York,KXHIGHNY-26AUG14-T85,less,85,81.0,87,38,68,49,buy_yes
2026-08-14T07:17:01.607296+00:00,Chicago,KXHIGHCHI-26AUG14-T83,greater,83,84.0,61,5,96,56,buy_yes
2026-08-14T07:17:01.607506+00:00,Chicago,KXHIGHCHI-26AUG14-T76,less,76,84.0,1,2,,-1,none
2026-08-14T07:17:01.762913+00:00,Austin,KXHIGHAUS-26AUG14-T95,less,95,101.0,4,1,,3,none
2026-08-14T07:17:01.763087+00:00,Austin,KXHIGHAUS-26AUG14-T102,greater,102,101.0,39,1,,38,buy_yes
2026-08-14T07:17:01.817908+00:00,Miami,KXHIGHMIA-26AUG14-T96,greater,96,90.0,4,1,,3,none
2026-08-14T07:17:01.818076+00:00,Miami,KXHIGHMIA-26AUG14-T89,less,89,90.0,39,1,,38,buy_yes
2026-08-14T12:55:02.692570+00:00,New York,KXHIGHNY-26AUG14-T92,greater,92,82.0,0,1,,-1,none
2026-08-14T12:55:02.692793+00:00,New York,KXHIGHNY-26AUG14-T85,less,85,82.0,80,31,70,49,buy_yes
2026-08-14T12:55:02.728134+00:00,Chicago,KXHIGHCHI-26AUG14-T83,greater,83,84.0,61,5,96,56,buy_yes
2026-08-14T12:55:02.728317+00:00,Chicago,KXHIGHCHI-26AUG14-T76,less,76,84.0,1,1,,0,none
2026-08-14T12:55:02.762287+00:00,Austin,KXHIGHAUS-26AUG14-T95,less,95,101.0,4,1,,3,none
2026-08-14T12:55:02.762446+00:00,Austin,KXHIGHAUS-26AUG14-T102,greater,102,101.0,39,1,,38,buy_yes
2026-08-14T12:55:02.813673+00:00,Miami,KXHIGHMIA-26AUG14-T96,greater,96,90.0,4,1,,3,none
2026-08-14T12:55:02.813838+00:00,Miami,KXHIGHMIA-26AUG14-T89,less,89,90.0,39,1,,38,buy_yes
2026-08-14T18:46:21.355267+00:00,New York,KXHIGHNY-26AUG15-T87,greater,87,82.0,8,1,,7,buy_yes
2026-08-14T18:46:21.355471+00:00,New York,KXHIGHNY-26AUG15-T80,less,80,82.0,28,10,97,18,buy_yes
2026-08-14T18:46:21.355565+00:00,New York,KXHIGHNY-26AUG14-T92,greater,92,82.0,0,1,,-1,none
2026-08-14T18:46:21.355658+00:00,New York,KXHIGHNY-26AUG14-T85,less,85,82.0,80,24,78,56,buy_yes
2026-08-14T18:46:21.440052+00:00,Chicago,KXHIGHCHI-26AUG15-T88,greater,88,84.0,13,2,99,11,buy_yes
2026-08-14T18:46:21.440281+00:00,Chicago,KXHIGHCHI-26AUG15-T81,less,81,84.0,20,29,74,6,buy_no
2026-08-14T18:46:21.440377+00:00,Chicago,KXHIGHCHI-26AUG14-T83,greater,83,84.0,61,3,98,58,buy_yes
2026-08-14T18:46:21.440468+00:00,Chicago,KXHIGHCHI-26AUG14-T76,less,76,84.0,1,1,,0,none
2026-08-14T18:46:21.535481+00:00,Austin,KXHIGHAUS-26AUG15-T98,less,98,101.0,20,4,98,16,buy_yes
2026-08-14T18:46:21.535657+00:00,Austin,KXHIGHAUS-26AUG15-T105,greater,105,101.0,13,1,,12,buy_yes
2026-08-14T18:46:21.535748+00:00,Austin,KXHIGHAUS-26AUG14-T95,less,95,101.0,4,1,,3,none
2026-08-14T18:46:21.535828+00:00,Austin,KXHIGHAUS-26AUG14-T102,greater,102,101.0,39,1,,38,buy_yes
2026-08-14T18:46:21.646436+00:00,Miami,KXHIGHMIA-26AUG15-T95,greater,95,90.0,8,4,97,4,buy_yes
2026-08-14T18:46:21.646620+00:00,Miami,KXHIGHMIA-26AUG15-T88,less,88,90.0,28,1,,27,buy_yes
2026-08-14T18:46:21.646722+00:00,Miami,KXHIGHMIA-26AUG14-T96,greater,96,90.0,4,6,96,0,none
2026-08-14T18:46:21.646803+00:00,Miami,KXHIGHMIA-26AUG14-T89,less,89,90.0,39,1,,38,buy_yes
2026-08-14T23:16:54.764416+00:00,New York,KXHIGHNY-26AUG15-T87,greater,87,83.0,13,1,,12,buy_yes
2026-08-14T23:16:54.764575+00:00,New York,KXHIGHNY-26AUG15-T80,less,80,83.0,20,10,91,10,buy_yes
2026-08-14T23:16:54.764627+00:00,New York,KXHIGHNY-26AUG14-T92,greater,92,83.0,1,1,,0,none
2026-08-14T23:16:54.764668+00:00,New York,KXHIGHNY-26AUG14-T85,less,85,83.0,72,99,2,26,buy_no
2026-08-14T23:16:54.890526+00:00,Chicago,KXHIGHCHI-26AUG15-T88,greater,88,85.0,20,2,,18,buy_yes
2026-08-14T23:16:54.890664+00:00,Chicago,KXHIGHCHI-26AUG15-T81,less,81,85.0,13,34,67,20,buy_no
2026-08-14T23:16:54.890713+00:00,Chicago,KXHIGHCHI-26AUG14-T83,greater,83,85.0,72,1,,71,buy_yes
2026-08-14T23:16:54.890757+00:00,Chicago,KXHIGHCHI-26AUG14-T76,less,76,85.0,1,1,,0,none
2026-08-14T23:16:55.009220+00:00,Austin,KXHIGHAUS-26AUG15-T98,less,98,101.0,20,2,99,18,buy_yes
2026-08-14T23:16:55.009366+00:00,Austin,KXHIGHAUS-26AUG15-T105,greater,105,101.0,13,1,,12,buy_yes
2026-08-14T23:16:55.009423+00:00,Austin,KXHIGHAUS-26AUG14-T95,less,95,101.0,4,1,,3,none
2026-08-14T23:16:55.009457+00:00,Austin,KXHIGHAUS-26AUG14-T102,greater,102,101.0,39,1,,38,buy_yes
2026-08-14T23:16:55.125888+00:00,Miami,KXHIGHMIA-26AUG15-T95,greater,95,90.0,8,11,92,0,none
2026-08-14T23:16:55.125991+00:00,Miami,KXHIGHMIA-26AUG15-T88,less,88,90.0,28,1,,27,buy_yes
2026-08-14T23:16:55.126036+00:00,Miami,KXHIGHMIA-26AUG14-T96,greater,96,90.0,4,1,,3,none
2026-08-14T23:16:55.126068+00:00,Miami,KXHIGHMIA-26AUG14-T89,less,89,90.0,39,1,,38,buy_yes
2026-08-15T06:29:28.595277+00:00,New York,KXHIGHNY-26AUG15-T87,greater,87,79.0,1,1,,0,none
2026-08-15T06:29:28.595495+00:00,New York,KXHIGHNY-26AUG15-T80,less,80,79.0,61,4,97,57,buy_yes
2026-08-15T06:29:28.791311+00:00,Chicago,KXHIGHCHI-26AUG15-T88,greater,88,85.0,20,1,,19,buy_yes
2026-08-15T06:29:28.791576+00:00,Chicago,KXHIGHCHI-26AUG15-T81,less,81,85.0,13,50,51,36,buy_no
2026-08-15T06:29:28.981752+00:00,Austin,KXHIGHAUS-26AUG15-T98,less,98,102.0,13,1,,12,buy_yes
2026-08-15T06:29:28.981932+00:00,Austin,KXHIGHAUS-26AUG15-T105,greater,105,102.0,20,1,,19,buy_yes
2026-08-15T06:29:29.110993+00:00,Miami,KXHIGHMIA-26AUG15-T95,greater,95,91.0,13,6,96,7,buy_yes
2026-08-15T06:29:29.111190+00:00,Miami,KXHIGHMIA-26AUG15-T88,less,88,91.0,20,1,,19,buy_yes
2026-08-15T12:28:17.873202+00:00,New York,KXHIGHNY-26AUG15-T87,greater,87,79.0,1,1,,0,none
2026-08-15T12:28:17.873462+00:00,New York,KXHIGHNY-26AUG15-T80,less,80,79.0,61,3,99,58,buy_yes
2026-08-15T12:28:18.035170+00:00,Chicago,KXHIGHCHI-26AUG15-T88,greater,88,84.0,13,1,,12,buy_yes
2026-08-15T12:28:18.035406+00:00,Chicago,KXHIGHCHI-26AUG15-T81,less,81,84.0,20,63,38,42,buy_no
2026-08-15T12:28:18.069627+00:00,Austin,KXHIGHAUS-26AUG15-T98,less,98,102.0,13,1,,12,buy_yes
2026-08-15T12:28:18.069843+00:00,Austin,KXHIGHAUS-26AUG15-T105,greater,105,102.0,20,1,,19,buy_yes
2026-08-15T12:28:18.178238+00:00,Miami,KXHIGHMIA-26AUG15-T95,greater,95,91.0,13,8,93,5,buy_yes
2026-08-15T12:28:18.178514+00:00,Miami,KXHIGHMIA-26AUG15-T88,less,88,91.0,20,1,,19,buy_yes
2026-08-15T18:20:56.363451+00:00,New York,KXHIGHNY-26AUG16-T85,greater,85,79.0,4,1,,3,none
2026-08-15T18:20:56.363665+00:00,New York,KXHIGHNY-26AUG16-T78,less,78,79.0,39,5,96,34,buy_yes
2026-08-15T18:20:56.363767+00:00,New York,KXHIGHNY-26AUG15-T87,greater,87,79.0,1,1,,0,none
2026-08-15T18:20:56.363855+00:00,New York,KXHIGHNY-26AUG15-T80,less,80,79.0,61,1,,60,buy_yes
2026-08-15T18:20:56.449231+00:00,Chicago,KXHIGHCHI-26AUG16-T89,greater,89,84.0,8,3,98,5,buy_yes
2026-08-15T18:20:56.449364+00:00,Chicago,KXHIGHCHI-26AUG16-T82,less,82,84.0,28,3,99,25,buy_yes
2026-08-15T18:20:56.449459+00:00,Chicago,KXHIGHCHI-26AUG15-T88,greater,88,84.0,13,2,,11,buy_yes
2026-08-15T18:20:56.449575+00:00,Chicago,KXHIGHCHI-26AUG15-T81,less,81,84.0,20,45,57,23,buy_no
2026-08-15T18:20:56.534555+00:00,Austin,KXHIGHAUS-26AUG16-T98,less,98,101.0,20,2,99,18,buy_yes
2026-08-15T18:20:56.534680+00:00,Austin,KXHIGHAUS-26AUG16-T105,greater,105,101.0,13,2,99,11,buy_yes
2026-08-15T18:20:56.534771+00:00,Austin,KXHIGHAUS-26AUG15-T98,less,98,101.0,20,1,,19,buy_yes
2026-08-15T18:20:56.534850+00:00,Austin,KXHIGHAUS-26AUG15-T105,greater,105,101.0,13,1,,12,buy_yes
2026-08-15T18:20:56.676936+00:00,Miami,KXHIGHMIA-26AUG16-T96,greater,96,91.0,8,3,98,5,buy_yes
2026-08-15T18:20:56.677100+00:00,Miami,KXHIGHMIA-26AUG16-T89,less,89,91.0,28,1,,27,buy_yes
2026-08-15T18:20:56.677204+00:00,Miami,KXHIGHMIA-26AUG15-T95,greater,95,91.0,13,1,,12,buy_yes
2026-08-15T18:20:56.677296+00:00,Miami,KXHIGHMIA-26AUG15-T88,less,88,91.0,20,1,,19,buy_yes
2026-08-15T23:15:05.526691+00:00,New York,KXHIGHNY-26AUG16-T85,greater,85,79.0,4,1,,3,none
2026-08-15T23:15:05.526921+00:00,New York,KXHIGHNY-26AUG16-T78,less,78,79.0,39,9,93,30,buy_yes
2026-08-15T23:15:05.527014+00:00,New York,KXHIGHNY-26AUG15-T87,greater,87,79.0,1,1,,0,none
2026-08-15T23:15:05.527088+00:00,New York,KXHIGHNY-26AUG15-T80,less,80,79.0,61,1,,60,buy_yes
2026-08-15T23:15:05.605823+00:00,Chicago,KXHIGHCHI-26AUG16-T89,greater,89,85.0,13,4,97,9,buy_yes
2026-08-15T23:15:05.606033+00:00,Chicago,KXHIGHCHI-26AUG16-T82,less,82,85.0,20,4,98,16,buy_yes
2026-08-15T23:15:05.606118+00:00,Chicago,KXHIGHCHI-26AUG15-T88,greater,88,85.0,20,1,,19,buy_yes
2026-08-15T23:15:05.606196+00:00,Chicago,KXHIGHCHI-26AUG15-T81,less,81,85.0,13,1,,12,buy_yes
2026-08-15T23:15:05.669262+00:00,Austin,KXHIGHAUS-26AUG16-T98,less,98,101.0,20,1,,19,buy_yes
2026-08-15T23:15:05.669483+00:00,Austin,KXHIGHAUS-26AUG16-T105,greater,105,101.0,13,1,,12,buy_yes
2026-08-15T23:15:05.669567+00:00,Austin,KXHIGHAUS-26AUG15-T98,less,98,101.0,20,1,,19,buy_yes
2026-08-15T23:15:05.669630+00:00,Austin,KXHIGHAUS-26AUG15-T105,greater,105,101.0,13,1,,12,buy_yes
2026-08-15T23:15:05.749431+00:00,Miami,KXHIGHMIA-26AUG16-T96,greater,96,91.0,8,3,99,5,buy_yes
2026-08-15T23:15:05.749630+00:00,Miami,KXHIGHMIA-26AUG16-T89,less,89,91.0,28,1,,27,buy_yes
2026-08-15T23:15:05.749707+00:00,Miami,KXHIGHMIA-26AUG15-T95,greater,95,91.0,13,1,,12,buy_yes
2026-08-15T23:15:05.749770+00:00,Miami,KXHIGHMIA-26AUG15-T88,less,88,91.0,20,1,,19,buy_yes
2026-08-16T06:31:56.101584+00:00,New York,KXHIGHNY-26AUG16-T85,greater,85,82.0,20,1,,19,buy_yes
2026-08-16T06:31:56.101803+00:00,New York,KXHIGHNY-26AUG16-T78,less,78,82.0,13,8,93,5,buy_yes
2026-08-16T06:31:56.206895+00:00,Chicago,KXHIGHCHI-26AUG16-T89,greater,89,76.0,0,2,99,1,none
2026-08-16T06:31:56.207073+00:00,Chicago,KXHIGHCHI-26AUG16-T82,less,82,76.0,96,2,99,94,buy_yes
2026-08-16T06:31:56.318008+00:00,Austin,KXHIGHAUS-26AUG16-T98,less,98,102.0,13,1,,12,buy_yes
2026-08-16T06:31:56.318196+00:00,Austin,KXHIGHAUS-26AUG16-T105,greater,105,102.0,20,1,,19,buy_yes
2026-08-16T06:31:56.423020+00:00,Miami,KXHIGHMIA-26AUG16-T96,greater,96,92.0,13,2,99,11,buy_yes
2026-08-16T06:31:56.423217+00:00,Miami,KXHIGHMIA-26AUG16-T89,less,89,92.0,20,1,,19,buy_yes
2026-08-16T12:29:27.057843+00:00,New York,KXHIGHNY-26AUG16-T85,greater,85,82.0,20,1,,19,buy_yes
2026-08-16T12:29:27.058004+00:00,New York,KXHIGHNY-26AUG16-T78,less,78,82.0,13,6,96,7,buy_yes
2026-08-16T12:29:27.164040+00:00,Chicago,KXHIGHCHI-26AUG16-T89,greater,89,75.0,0,2,99,1,none
2026-08-16T12:29:27.164188+00:00,Chicago,KXHIGHCHI-26AUG16-T82,less,82,75.0,98,2,,96,buy_yes
2026-08-16T12:29:27.275410+00:00,Austin,KXHIGHAUS-26AUG16-T98,less,98,103.0,8,1,,7,buy_yes
2026-08-16T12:29:27.275599+00:00,Austin,KXHIGHAUS-26AUG16-T105,greater,105,103.0,28,1,,27,buy_yes
2026-08-16T12:29:27.299410+00:00,Miami,KXHIGHMIA-26AUG16-T96,greater,96,92.0,13,3,99,10,buy_yes
2026-08-16T12:29:27.299551+00:00,Miami,KXHIGHMIA-26AUG16-T89,less,89,92.0,20,1,,19,buy_yes
2026-08-16T18:21:05.146711+00:00,New York,KXHIGHNY-26AUG17-T91,greater,91,82.0,1,1,,0,none
2026-08-16T18:21:05.146893+00:00,New York,KXHIGHNY-26AUG17-T84,less,84,82.0,72,77,24,4,buy_no
2026-08-16T18:21:05.146992+00:00,New York,KXHIGHNY-26AUG16-T85,greater,85,82.0,20,1,,19,buy_yes
2026-08-16T18:21:05.147084+00:00,New York,KXHIGHNY-26AUG16-T78,less,78,82.0,13,1,,12,buy_yes
2026-08-16T18:21:05.340585+00:00,Chicago,KXHIGHCHI-26AUG17-T85,greater,85,75.0,0,2,99,1,none
2026-08-16T18:21:05.340762+00:00,Chicago,KXHIGHCHI-26AUG17-T78,less,78,75.0,80,15,87,65,buy_yes
2026-08-16T18:21:05.340863+00:00,Chicago,KXHIGHCHI-26AUG16-T89,greater,89,75.0,0,1,,-1,none
2026-08-16T18:21:05.340949+00:00,Chicago,KXHIGHCHI-26AUG16-T82,less,82,75.0,98,1,,97,buy_yes
2026-08-16T18:21:05.449787+00:00,Austin,KXHIGHAUS-26AUG17-T98,less,98,103.0,8,1,,7,buy_yes
2026-08-16T18:21:05.449958+00:00,Austin,KXHIGHAUS-26AUG17-T105,greater,105,103.0,28,3,99,25,buy_yes
2026-08-16T18:21:05.450065+00:00,Austin,KXHIGHAUS-26AUG16-T98,less,98,103.0,8,1,,7,buy_yes
2026-08-16T18:21:05.450189+00:00,Austin,KXHIGHAUS-26AUG16-T105,greater,105,103.0,28,1,,27,buy_yes
2026-08-16T18:21:05.615815+00:00,Miami,KXHIGHMIA-26AUG17-T97,greater,97,92.0,8,12,90,2,none
2026-08-16T18:21:05.616003+00:00,Miami,KXHIGHMIA-26AUG17-T90,less,90,92.0,28,1,,27,buy_yes
2026-08-16T18:21:05.616094+00:00,Miami,KXHIGHMIA-26AUG16-T96,greater,96,92.0,13,2,,11,buy_yes
2026-08-16T18:21:05.616200+00:00,Miami,KXHIGHMIA-26AUG16-T89,less,89,92.0,20,1,,19,buy_yes
2026-08-16T23:14:41.019738+00:00,New York,KXHIGHNY-26AUG17-T91,greater,91,84.0,2,1,,1,none
2026-08-16T23:14:41.019938+00:00,New York,KXHIGHNY-26AUG17-T84,less,84,84.0,50,78,23,27,buy_no
2026-08-16T23:14:41.020029+00:00,New York,KXHIGHNY-26AUG16-T85,greater,85,84.0,39,1,,38,buy_yes
2026-08-16T23:14:41.020108+00:00,New York,KXHIGHNY-26AUG16-T78,less,78,84.0,4,1,,3,none
2026-08-16T23:14:41.068306+00:00,Chicago,KXHIGHCHI-26AUG17-T85,greater,85,76.0,1,2,99,0,none
2026-08-16T23:14:41.068444+00:00,Chicago,KXHIGHCHI-26AUG17-T78,less,78,76.0,72,14,88,58,buy_yes
2026-08-16T23:14:41.068530+00:00,Chicago,KXHIGHCHI-26AUG16-T89,greater,89,76.0,0,1,,-1,none
2026-08-16T23:14:41.068652+00:00,Chicago,KXHIGHCHI-26AUG16-T82,less,82,76.0,96,1,,95,buy_yes
2026-08-16T23:14:41.119114+00:00,Austin,KXHIGHAUS-26AUG17-T98,less,98,103.0,8,1,,7,buy_yes
2026-08-16T23:14:41.119249+00:00,Austin,KXHIGHAUS-26AUG17-T105,greater,105,103.0,28,2,99,26,buy_yes
2026-08-16T23:14:41.119328+00:00,Austin,KXHIGHAUS-26AUG16-T98,less,98,103.0,8,1,,7,buy_yes
2026-08-16T23:14:41.119391+00:00,Austin,KXHIGHAUS-26AUG16-T105,greater,105,103.0,28,1,,27,buy_yes
2026-08-16T23:14:41.164257+00:00,Miami,KXHIGHMIA-26AUG17-T97,greater,97,92.0,8,13,88,4,buy_no
2026-08-16T23:14:41.164405+00:00,Miami,KXHIGHMIA-26AUG17-T90,less,90,92.0,28,1,,27,buy_yes
2026-08-16T23:14:41.164481+00:00,Miami,KXHIGHMIA-26AUG16-T96,greater,96,92.0,13,1,,12,buy_yes
2026-08-16T23:14:41.164543+00:00,Miami,KXHIGHMIA-26AUG16-T89,less,89,92.0,20,1,,19,buy_yes
2026-08-17T06:43:34.846485+00:00,New York,KXHIGHNY-26AUG17-T91,greater,91,83.0,1,1,,0,none
2026-08-17T06:43:34.846686+00:00,New York,KXHIGHNY-26AUG17-T84,less,84,83.0,61,80,22,17,buy_no
2026-08-17T06:43:35.166213+00:00,Chicago,KXHIGHCHI-26AUG17-T85,greater,85,80.0,8,2,99,6,buy_yes
2026-08-17T06:43:35.166363+00:00,Chicago,KXHIGHCHI-26AUG17-T78,less,78,80.0,28,20,82,8,buy_yes
2026-08-17T06:43:35.281562+00:00,Austin,KXHIGHAUS-26AUG17-T98,less,98,102.0,13,1,,12,buy_yes
2026-08-17T06:43:35.281732+00:00,Austin,KXHIGHAUS-26AUG17-T105,greater,105,102.0,20,2,99,18,buy_yes
2026-08-17T06:43:35.319492+00:00,Miami,KXHIGHMIA-26AUG17-T97,greater,97,95.0,28,9,94,19,buy_yes
2026-08-17T06:43:35.319623+00:00,Miami,KXHIGHMIA-26AUG17-T90,less,90,95.0,8,1,,7,buy_yes
2026-08-17T12:34:35.700513+00:00,New York,KXHIGHNY-26AUG17-T91,greater,91,83.0,1,1,,0,none
2026-08-17T12:34:35.700683+00:00,New York,KXHIGHNY-26AUG17-T84,less,84,83.0,61,80,23,16,buy_no
2026-08-17T12:34:35.808648+00:00,Chicago,KXHIGHCHI-26AUG17-T85,greater,85,80.0,8,1,,7,buy_yes
2026-08-17T12:34:35.808838+00:00,Chicago,KXHIGHCHI-26AUG17-T78,less,78,80.0,28,37,66,6,buy_no
2026-08-17T12:34:35.922912+00:00,Austin,KXHIGHAUS-26AUG17-T98,less,98,102.0,13,1,,12,buy_yes
2026-08-17T12:34:35.923065+00:00,Austin,KXHIGHAUS-26AUG17-T105,greater,105,102.0,20,1,,19,buy_yes
2026-08-17T12:34:36.034062+00:00,Miami,KXHIGHMIA-26AUG17-T97,greater,97,95.0,28,16,85,12,buy_yes
2026-08-17T12:34:36.034202+00:00,Miami,KXHIGHMIA-26AUG17-T90,less,90,95.0,8,1,,7,buy_yes
2026-08-17T18:32:23.035146+00:00,New York,KXHIGHNY-26AUG18-T92,greater,92,83.0,1,2,,-1,none
2026-08-17T18:32:23.035346+00:00,New York,KXHIGHNY-26AUG18-T85,less,85,83.0,72,51,52,21,buy_yes
2026-08-17T18:32:23.035439+00:00,New York,KXHIGHNY-26AUG17-T91,greater,91,83.0,1,1,,0,none
2026-08-17T18:32:23.035516+00:00,New York,KXHIGHNY-26AUG17-T84,less,84,83.0,61,96,5,34,buy_no
2026-08-17T18:32:23.096872+00:00,Chicago,KXHIGHCHI-26AUG18-T85,greater,85,82.0,20,2,99,18,buy_yes
2026-08-17T18:32:23.097027+00:00,Chicago,KXHIGHCHI-26AUG18-T78,less,78,82.0,13,6,95,7,buy_yes
2026-08-17T18:32:23.097154+00:00,Chicago,KXHIGHCHI-26AUG17-T85,greater,85,82.0,20,1,,19,buy_yes
2026-08-17T18:32:23.097236+00:00,Chicago,KXHIGHCHI-26AUG17-T78,less,78,82.0,13,21,80,7,buy_no
2026-08-17T18:32:23.158543+00:00,Austin,KXHIGHAUS-26AUG18-T98,less,98,102.0,13,2,99,11,buy_yes
2026-08-17T18:32:23.158691+00:00,Austin,KXHIGHAUS-26AUG18-T105,greater,105,102.0,20,2,99,18,buy_yes
2026-08-17T18:32:23.158774+00:00,Austin,KXHIGHAUS-26AUG17-T98,less,98,102.0,13,1,,12,buy_yes
2026-08-17T18:32:23.158839+00:00,Austin,KXHIGHAUS-26AUG17-T105,greater,105,102.0,20,1,,19,buy_yes
2026-08-17T18:32:23.217700+00:00,Miami,KXHIGHMIA-26AUG18-T93,less,93,95.0,28,1,,27,buy_yes
2026-08-17T18:32:23.217853+00:00,Miami,KXHIGHMIA-26AUG18-T100,greater,100,95.0,8,9,93,-1,none
2026-08-17T18:32:23.217927+00:00,Miami,KXHIGHMIA-26AUG17-T97,greater,97,95.0,28,1,,27,buy_yes
2026-08-17T18:32:23.217991+00:00,Miami,KXHIGHMIA-26AUG17-T90,less,90,95.0,8,1,,7,buy_yes
2026-08-17T23:18:36.834772+00:00,New York,KXHIGHNY-26AUG18-T92,greater,92,86.0,4,1,,3,none
2026-08-17T23:18:36.834938+00:00,New York,KXHIGHNY-26AUG18-T85,less,85,86.0,39,59,44,17,buy_no
2026-08-17T23:18:36.835039+00:00,New York,KXHIGHNY-26AUG17-T91,greater,91,86.0,8,1,,7,buy_yes
2026-08-17T23:18:36.835143+00:00,New York,KXHIGHNY-26AUG17-T84,less,84,86.0,28,,1,71,buy_no
2026-08-17T23:18:36.895404+00:00,Chicago,KXHIGHCHI-26AUG18-T85,greater,85,82.0,20,2,99,18,buy_yes
2026-08-17T23:18:36.895542+00:00,Chicago,KXHIGHCHI-26AUG18-T78,less,78,82.0,13,4,98,9,buy_yes
2026-08-17T23:18:36.895694+00:00,Chicago,KXHIGHCHI-26AUG17-T85,greater,85,82.0,20,1,,19,buy_yes
2026-08-17T23:18:36.895795+00:00,Chicago,KXHIGHCHI-26AUG17-T78,less,78,82.0,13,1,,12,buy_yes
2026-08-17T23:18:36.961595+00:00,Austin,KXHIGHAUS-26AUG18-T98,less,98,103.0,8,1,,7,buy_yes
2026-08-17T23:18:36.961723+00:00,Austin,KXHIGHAUS-26AUG18-T105,greater,105,103.0,28,2,99,26,buy_yes
2026-08-17T23:18:36.961827+00:00,Austin,KXHIGHAUS-26AUG17-T98,less,98,103.0,8,1,,7,buy_yes
2026-08-17T23:18:36.961913+00:00,Austin,KXHIGHAUS-26AUG17-T105,greater,105,103.0,28,1,,27,buy_yes
2026-08-17T23:18:37.023231+00:00,Miami,KXHIGHMIA-26AUG18-T93,less,93,95.0,28,1,,27,buy_yes
2026-08-17T23:18:37.023416+00:00,Miami,KXHIGHMIA-26AUG18-T100,greater,100,95.0,8,3,98,5,buy_yes
2026-08-17T23:18:37.023550+00:00,Miami,KXHIGHMIA-26AUG17-T97,greater,97,95.0,28,1,,27,buy_yes
2026-08-17T23:18:37.023667+00:00,Miami,KXHIGHMIA-26AUG17-T90,less,90,95.0,8,1,,7,buy_yes
2026-08-18T06:34:36.310584+00:00,New York,KXHIGHNY-26AUG18-T92,greater,92,87.0,8,1,,7,buy_yes
2026-08-18T06:34:36.310819+00:00,New York,KXHIGHNY-26AUG18-T85,less,85,87.0,28,67,35,37,buy_no
2026-08-18T06:34:36.452544+00:00,Chicago,KXHIGHCHI-26AUG18-T85,greater,85,74.0,0,2,99,1,none
2026-08-18T06:34:36.452729+00:00,Chicago,KXHIGHCHI-26AUG18-T78,less,78,74.0,87,2,99,85,buy_yes
2026-08-18T06:34:36.580456+00:00,Austin,KXHIGHAUS-26AUG18-T98,less,98,102.0,13,1,,12,buy_yes
2026-08-18T06:34:36.580648+00:00,Austin,KXHIGHAUS-26AUG18-T105,greater,105,102.0,20,3,99,17,buy_yes
2026-08-18T06:34:36.704775+00:00,Miami,KXHIGHMIA-26AUG18-T93,less,93,94.0,39,1,,38,buy_yes
2026-08-18T06:34:36.704964+00:00,Miami,KXHIGHMIA-26AUG18-T100,greater,100,94.0,4,2,99,2,none
2026-08-18T12:35:29.502512+00:00,New York,KXHIGHNY-26AUG18-T92,greater,92,86.0,4,1,,3,none
2026-08-18T12:35:29.502668+00:00,New York,KXHIGHNY-26AUG18-T85,less,85,86.0,39,70,33,28,buy_no
2026-08-18T12:35:29.627180+00:00,Chicago,KXHIGHCHI-26AUG18-T85,greater,85,74.0,0,1,,-1,none
2026-08-18T12:35:29.627325+00:00,Chicago,KXHIGHCHI-26AUG18-T78,less,78,74.0,87,2,,85,buy_yes
2026-08-18T12:35:29.683913+00:00,Austin,KXHIGHAUS-26AUG18-T98,less,98,102.0,13,1,,12,buy_yes
2026-08-18T12:35:29.684046+00:00,Austin,KXHIGHAUS-26AUG18-T105,greater,105,102.0,20,1,,19,buy_yes
2026-08-18T12:35:29.712308+00:00,Miami,KXHIGHMIA-26AUG18-T93,less,93,94.0,39,1,,38,buy_yes
2026-08-18T12:35:29.712457+00:00,Miami,KXHIGHMIA-26AUG18-T100,greater,100,94.0,4,3,98,1,none
2026-08-18T18:30:41.482457+00:00,New York,KXHIGHNY-26AUG19-T92,greater,92,86.0,4,1,,3,none
2026-08-18T18:30:41.482626+00:00,New York,KXHIGHNY-26AUG19-T85,less,85,86.0,39,19,87,20,buy_yes
2026-08-18T18:30:41.482701+00:00,New York,KXHIGHNY-26AUG18-T92,greater,92,86.0,4,1,,3,none
2026-08-18T18:30:41.482791+00:00,New York,KXHIGHNY-26AUG18-T85,less,85,86.0,39,1,,38,buy_yes
2026-08-18T18:30:41.606474+00:00,Chicago,KXHIGHCHI-26AUG19-T81,greater,81,75.0,4,16,85,11,buy_no
2026-08-18T18:30:41.606647+00:00,Chicago,KXHIGHCHI-26AUG19-T74,less,74,75.0,39,3,99,36,buy_yes
2026-08-18T18:30:41.606717+00:00,Chicago,KXHIGHCHI-26AUG18-T85,greater,85,75.0,0,1,,-1,none
2026-08-18T18:30:41.606809+00:00,Chicago,KXHIGHCHI-26AUG18-T78,less,78,75.0,80,1,,79,buy_yes
2026-08-18T18:30:41.727969+00:00,Austin,KXHIGHAUS-26AUG19-T107,greater,107,102.0,8,1,,7,buy_yes
2026-08-18T18:30:41.728139+00:00,Austin,KXHIGHAUS-26AUG19-T100,less,100,102.0,28,3,98,25,buy_yes
2026-08-18T18:30:41.728201+00:00,Austin,KXHIGHAUS-26AUG18-T98,less,98,102.0,13,1,,12,buy_yes
2026-08-18T18:30:41.728256+00:00,Austin,KXHIGHAUS-26AUG18-T105,greater,105,102.0,20,1,,19,buy_yes
2026-08-18T18:30:41.884058+00:00,Miami,KXHIGHMIA-26AUG19-T98,greater,98,94.0,13,17,85,2,none
2026-08-18T18:30:41.884216+00:00,Miami,KXHIGHMIA-26AUG19-T91,less,91,94.0,20,1,,19,buy_yes
2026-08-18T18:30:41.884277+00:00,Miami,KXHIGHMIA-26AUG18-T93,less,93,94.0,39,1,,38,buy_yes
2026-08-18T18:30:41.884325+00:00,Miami,KXHIGHMIA-26AUG18-T100,greater,100,94.0,4,3,98,1,none
2026-08-18T23:17:32.777771+00:00,New York,KXHIGHNY-26AUG19-T92,greater,92,83.0,1,1,,0,none
2026-08-18T23:17:32.777997+00:00,New York,KXHIGHNY-26AUG19-T85,less,85,83.0,72,17,84,55,buy_yes
2026-08-18T23:17:32.778093+00:00,New York,KXHIGHNY-26AUG18-T92,greater,92,83.0,1,1,,0,none
2026-08-18T23:17:32.778167+00:00,New York,KXHIGHNY-26AUG18-T85,less,85,83.0,72,1,,71,buy_yes
2026-08-18T23:17:32.920323+00:00,Chicago,KXHIGHCHI-26AUG19-T81,greater,81,75.0,4,22,79,17,buy_no
2026-08-18T23:17:32.920483+00:00,Chicago,KXHIGHCHI-26AUG19-T74,less,74,75.0,39,2,99,37,buy_yes
2026-08-18T23:17:32.920580+00:00,Chicago,KXHIGHCHI-26AUG18-T85,greater,85,75.0,0,1,,-1,none
2026-08-18T23:17:32.920655+00:00,Chicago,KXHIGHCHI-26AUG18-T78,less,78,75.0,80,1,,79,buy_yes
2026-08-18T23:17:32.964277+00:00,Austin,KXHIGHAUS-26AUG19-T107,greater,107,103.0,13,1,,12,buy_yes
2026-08-18T23:17:32.964430+00:00,Austin,KXHIGHAUS-26AUG19-T100,less,100,103.0,20,3,98,17,buy_yes
2026-08-18T23:17:32.964510+00:00,Austin,KXHIGHAUS-26AUG18-T98,less,98,103.0,8,1,,7,buy_yes
2026-08-18T23:17:32.964578+00:00,Austin,KXHIGHAUS-26AUG18-T105,greater,105,103.0,28,1,,27,buy_yes
2026-08-18T23:17:33.018505+00:00,Miami,KXHIGHMIA-26AUG19-T98,greater,98,94.0,13,19,82,5,buy_no
2026-08-18T23:17:33.018648+00:00,Miami,KXHIGHMIA-26AUG19-T91,less,91,94.0,20,1,,19,buy_yes
2026-08-18T23:17:33.018724+00:00,Miami,KXHIGHMIA-26AUG18-T93,less,93,94.0,39,1,,38,buy_yes
2026-08-18T23:17:33.018787+00:00,Miami,KXHIGHMIA-26AUG18-T100,greater,100,94.0,4,1,,3,none
2026-08-19T06:35:40.477560+00:00,New York,KXHIGHNY-26AUG19-T92,greater,92,80.0,0,1,,-1,none
2026-08-19T06:35:40.477729+00:00,New York,KXHIGHNY-26AUG19-T85,less,85,80.0,92,15,86,77,buy_yes
2026-08-19T06:35:40.507593+00:00,Chicago,KXHIGHCHI-26AUG19-T81,greater,81,76.0,8,26,75,17,buy_no
2026-08-19T06:35:40.507730+00:00,Chicago,KXHIGHCHI-26AUG19-T74,less,74,76.0,28,1,,27,buy_yes
2026-08-19T06:35:40.537610+00:00,Austin,KXHIGHAUS-26AUG19-T107,greater,107,104.0,20,1,,19,buy_yes
2026-08-19T06:35:40.537809+00:00,Austin,KXHIGHAUS-26AUG19-T100,less,100,104.0,13,2,,11,buy_yes
2026-08-19T06:35:40.570248+00:00,Miami,KXHIGHMIA-26AUG19-T98,greater,98,91.0,2,14,89,9,buy_no
2026-08-19T06:35:40.570391+00:00,Miami,KXHIGHMIA-26AUG19-T91,less,91,91.0,50,1,,49,buy_yes
2026-08-19T12:36:28.065013+00:00,New York,KXHIGHNY-26AUG19-T92,greater,92,80.0,0,1,,-1,none
2026-08-19T12:36:28.065207+00:00,New York,KXHIGHNY-26AUG19-T85,less,85,80.0,92,7,94,85,buy_yes
2026-08-19T12:36:28.112465+00:00,Chicago,KXHIGHCHI-26AUG19-T81,greater,81,77.0,13,7,94,6,buy_yes
2026-08-19T12:36:28.112619+00:00,Chicago,KXHIGHCHI-26AUG19-T74,less,74,77.0,20,1,,19,buy_yes
2026-08-19T12:36:28.186109+00:00,Austin,KXHIGHAUS-26AUG19-T107,greater,107,104.0,20,1,,19,buy_yes
2026-08-19T12:36:28.186302+00:00,Austin,KXHIGHAUS-26AUG19-T100,less,100,104.0,13,1,,12,buy_yes
2026-08-19T12:36:28.227076+00:00,Miami,KXHIGHMIA-26AUG19-T98,greater,98,91.0,2,23,80,18,buy_no
2026-08-19T12:36:28.227267+00:00,Miami,KXHIGHMIA-26AUG19-T91,less,91,91.0,50,1,,49,buy_yes
2026-08-19T18:27:32.889463+00:00,New York,KXHIGHNY-26AUG20-T85,greater,85,80.0,8,1,,7,buy_yes
2026-08-19T18:27:32.889638+00:00,New York,KXHIGHNY-26AUG20-T78,less,78,80.0,28,11,91,17,buy_yes
2026-08-19T18:27:32.889689+00:00,New York,KXHIGHNY-26AUG19-T92,greater,92,80.0,0,1,,-1,none
2026-08-19T18:27:32.889731+00:00,New York,KXHIGHNY-26AUG19-T85,less,85,80.0,92,1,,91,buy_yes
2026-08-19T18:27:33.039016+00:00,Chicago,KXHIGHCHI-26AUG20-T84,greater,84,77.0,2,2,99,0,none
2026-08-19T18:27:33.039161+00:00,Chicago,KXHIGHCHI-26AUG20-T77,less,77,77.0,50,9,92,41,buy_yes
2026-08-19T18:27:33.039217+00:00,Chicago,KXHIGHCHI-26AUG19-T81,greater,81,77.0,13,28,75,12,buy_no
2026-08-19T18:27:33.039260+00:00,Chicago,KXHIGHCHI-26AUG19-T74,less,74,77.0,20,1,,19,buy_yes
2026-08-19T18:27:33.188037+00:00,Austin,KXHIGHAUS-26AUG20-T107,greater,107,104.0,20,1,,19,buy_yes
2026-08-19T18:27:33.188184+00:00,Austin,KXHIGHAUS-26AUG20-T100,less,100,104.0,13,2,99,11,buy_yes
2026-08-19T18:27:33.188232+00:00,Austin,KXHIGHAUS-26AUG19-T107,greater,107,104.0,20,1,,19,buy_yes
2026-08-19T18:27:33.188266+00:00,Austin,KXHIGHAUS-26AUG19-T100,less,100,104.0,13,1,,12,buy_yes
2026-08-19T18:27:33.331358+00:00,Miami,KXHIGHMIA-26AUG20-T96,greater,96,91.0,8,10,92,0,none
2026-08-19T18:27:33.331505+00:00,Miami,KXHIGHMIA-26AUG20-T89,less,89,91.0,28,2,99,26,buy_yes
2026-08-19T18:27:33.331552+00:00,Miami,KXHIGHMIA-26AUG19-T98,greater,98,91.0,2,1,,1,none
2026-08-19T18:27:33.331582+00:00,Miami,KXHIGHMIA-26AUG19-T91,less,91,91.0,50,1,,49,buy_yes
2026-08-19T23:18:17.509389+00:00,New York,KXHIGHNY-26AUG20-T85,greater,85,79.0,4,1,,3,none
2026-08-19T23:18:17.509604+00:00,New York,KXHIGHNY-26AUG20-T78,less,78,79.0,39,9,94,30,buy_yes
2026-08-19T23:18:17.509713+00:00,New York,KXHIGHNY-26AUG19-T92,greater,92,79.0,0,1,,-1,none
2026-08-19T23:18:17.509803+00:00,New York,KXHIGHNY-26AUG19-T85,less,85,79.0,96,1,,95,buy_yes
2026-08-19T23:18:17.617975+00:00,Chicago,KXHIGHCHI-26AUG20-T84,greater,84,74.0,0,2,99,1,none
2026-08-19T23:18:17.618133+00:00,Chicago,KXHIGHCHI-26AUG20-T77,less,77,74.0,80,7,94,73,buy_yes
2026-08-19T23:18:17.618247+00:00,Chicago,KXHIGHCHI-26AUG19-T81,greater,81,74.0,2,1,,1,none
2026-08-19T23:18:17.618333+00:00,Chicago,KXHIGHCHI-26AUG19-T74,less,74,74.0,50,1,,49,buy_yes
2026-08-19T23:18:17.733594+00:00,Austin,KXHIGHAUS-26AUG20-T107,greater,107,104.0,20,1,,19,buy_yes
2026-08-19T23:18:17.733799+00:00,Austin,KXHIGHAUS-26AUG20-T100,less,100,104.0,13,2,99,11,buy_yes
2026-08-19T23:18:17.733916+00:00,Austin,KXHIGHAUS-26AUG19-T107,greater,107,104.0,20,1,,19,buy_yes
2026-08-19T23:18:17.734022+00:00,Austin,KXHIGHAUS-26AUG19-T100,less,100,104.0,13,1,,12,buy_yes
2026-08-19T23:18:17.847620+00:00,Miami,KXHIGHMIA-26AUG20-T96,greater,96,91.0,8,5,96,3,none
2026-08-19T23:18:17.847784+00:00,Miami,KXHIGHMIA-26AUG20-T89,less,89,91.0,28,2,99,26,buy_yes
2026-08-19T23:18:17.847892+00:00,Miami,KXHIGHMIA-26AUG19-T98,greater,98,91.0,2,1,,1,none
2026-08-19T23:18:17.847972+00:00,Miami,KXHIGHMIA-26AUG19-T91,less,91,91.0,50,1,,49,buy_yes
2026-08-20T06:37:17.406535+00:00,New York,KXHIGHNY-26AUG20-T85,greater,85,78.0,2,1,,1,none
2026-08-20T06:37:17.406740+00:00,New York,KXHIGHNY-26AUG20-T78,less,78,78.0,50,3,98,47,buy_yes
2026-08-20T06:37:17.525088+00:00,Chicago,KXHIGHCHI-26AUG20-T84,greater,84,81.0,20,2,99,18,buy_yes
2026-08-20T06:37:17.525252+00:00,Chicago,KXHIGHCHI-26AUG20-T77,less,77,81.0,13,3,98,10,buy_yes
2026-08-20T06:37:17.629276+00:00,Austin,KXHIGHAUS-26AUG20-T107,greater,107,104.0,20,1,,19,buy_yes
2026-08-20T06:37:17.629416+00:00,Austin,KXHIGHAUS-26AUG20-T100,less,100,104.0,13,1,,12,buy_yes
2026-08-20T06:37:17.731324+00:00,Miami,KXHIGHMIA-26AUG20-T96,greater,96,90.0,4,2,99,2,none
2026-08-20T06:37:17.731474+00:00,Miami,KXHIGHMIA-26AUG20-T89,less,89,90.0,39,1,,38,buy_yes
2026-08-20T12:37:42.811085+00:00,New York,KXHIGHNY-26AUG20-T85,greater,85,79.0,4,3,98,1,none
2026-08-20T12:37:42.811274+00:00,New York,KXHIGHNY-26AUG20-T78,less,78,79.0,39,1,,38,buy_yes
2026-08-20T12:37:42.890038+00:00,Chicago,KXHIGHCHI-26AUG20-T84,greater,84,80.0,13,1,,12,buy_yes
2026-08-20T12:37:42.890192+00:00,Chicago,KXHIGHCHI-26AUG20-T77,less,77,80.0,20,4,98,16,buy_yes
2026-08-20T12:37:43.079732+00:00,Austin,KXHIGHAUS-26AUG20-T107,greater,107,104.0,20,1,,19,buy_yes
2026-08-20T12:37:43.079907+00:00,Austin,KXHIGHAUS-26AUG20-T100,less,100,104.0,13,1,,12,buy_yes
2026-08-20T12:37:43.257336+00:00,Miami,KXHIGHMIA-26AUG20-T96,greater,96,90.0,4,6,95,1,none
2026-08-20T12:37:43.257504+00:00,Miami,KXHIGHMIA-26AUG20-T89,less,89,90.0,39,1,,38,buy_yes
2026-08-20T18:31:58.904003+00:00,New York,KXHIGHNY-26AUG21-T84,greater,84,77.0,2,1,,1,none
2026-08-20T18:31:58.904193+00:00,New York,KXHIGHNY-26AUG21-T77,less,77,77.0,50,36,66,14,buy_yes
2026-08-20T18:31:58.904300+00:00,New York,KXHIGHNY-26AUG20-T85,greater,85,77.0,1,1,,0,none
2026-08-20T18:31:58.904390+00:00,New York,KXHIGHNY-26AUG20-T78,less,78,77.0,61,1,,60,buy_yes
2026-08-20T18:31:59.056582+00:00,Chicago,KXHIGHCHI-26AUG21-T85,greater,85,80.0,8,2,99,6,buy_yes
2026-08-20T18:31:59.056748+00:00,Chicago,KXHIGHCHI-26AUG21-T78,less,78,80.0,28,4,97,24,buy_yes
2026-08-20T18:31:59.056844+00:00,Chicago,KXHIGHCHI-26AUG20-T84,greater,84,80.0,13,1,,12,buy_yes
2026-08-20T18:31:59.056954+00:00,Chicago,KXHIGHCHI-26AUG20-T77,less,77,80.0,20,1,,19,buy_yes
2026-08-20T18:31:59.314258+00:00,Austin,KXHIGHAUS-26AUG21-T108,greater,108,104.0,13,1,,12,buy_yes
2026-08-20T18:31:59.314414+00:00,Austin,KXHIGHAUS-26AUG21-T101,less,101,104.0,20,3,98,17,buy_yes
2026-08-20T18:31:59.314513+00:00,Austin,KXHIGHAUS-26AUG20-T107,greater,107,104.0,20,1,,19,buy_yes
2026-08-20T18:31:59.314594+00:00,Austin,KXHIGHAUS-26AUG20-T100,less,100,104.0,13,1,,12,buy_yes
2026-08-20T18:31:59.528857+00:00,Miami,KXHIGHMIA-26AUG21-T95,greater,95,90.0,8,4,97,4,buy_yes
2026-08-20T18:31:59.529099+00:00,Miami,KXHIGHMIA-26AUG21-T88,less,88,90.0,28,2,99,26,buy_yes
2026-08-20T18:31:59.529210+00:00,Miami,KXHIGHMIA-26AUG20-T96,greater,96,90.0,4,1,,3,none
2026-08-20T18:31:59.529300+00:00,Miami,KXHIGHMIA-26AUG20-T89,less,89,90.0,39,1,,38,buy_yes
2026-08-20T23:20:35.270509+00:00,New York,KXHIGHNY-26AUG21-T84,greater,84,77.0,2,1,,1,none
2026-08-20T23:20:35.270707+00:00,New York,KXHIGHNY-26AUG21-T77,less,77,77.0,50,41,60,9,buy_yes
2026-08-20T23:20:35.270772+00:00,New York,KXHIGHNY-26AUG20-T85,greater,85,77.0,1,1,,0,none
2026-08-20T23:20:35.270820+00:00,New York,KXHIGHNY-26AUG20-T78,less,78,77.0,61,1,,60,buy_yes
2026-08-20T23:20:35.352921+00:00,Chicago,KXHIGHCHI-26AUG21-T85,greater,85,80.0,8,2,99,6,buy_yes
2026-08-20T23:20:35.353085+00:00,Chicago,KXHIGHCHI-26AUG21-T78,less,78,80.0,28,4,97,24,buy_yes
2026-08-20T23:20:35.353145+00:00,Chicago,KXHIGHCHI-26AUG20-T84,greater,84,80.0,13,1,,12,buy_yes
2026-08-20T23:20:35.353195+00:00,Chicago,KXHIGHCHI-26AUG20-T77,less,77,80.0,20,1,,19,buy_yes
2026-08-20T23:20:35.560281+00:00,Austin,KXHIGHAUS-26AUG21-T108,greater,108,106.0,28,1,,27,buy_yes
2026-08-20T23:20:35.560454+00:00,Austin,KXHIGHAUS-26AUG21-T101,less,101,106.0,8,2,99,6,buy_yes
2026-08-20T23:20:35.560512+00:00,Austin,KXHIGHAUS-26AUG20-T107,greater,107,106.0,39,1,,38,buy_yes
2026-08-20T23:20:35.560553+00:00,Austin,KXHIGHAUS-26AUG20-T100,less,100,106.0,4,1,,3,none
2026-08-20T23:20:35.602073+00:00,Miami,KXHIGHMIA-26AUG21-T95,greater,95,90.0,8,3,98,5,buy_yes
2026-08-20T23:20:35.602215+00:00,Miami,KXHIGHMIA-26AUG21-T88,less,88,90.0,28,2,99,26,buy_yes
2026-08-20T23:20:35.602265+00:00,Miami,KXHIGHMIA-26AUG20-T96,greater,96,90.0,4,1,,3,none
2026-08-20T23:20:35.602300+00:00,Miami,KXHIGHMIA-26AUG20-T89,less,89,90.0,39,1,,38,buy_yes
2026-08-21T06:37:34.497591+00:00,New York,KXHIGHNY-26AUG21-T84,greater,84,75.0,1,1,,0,none
2026-08-21T06:37:34.497749+00:00,New York,KXHIGHNY-26AUG21-T77,less,77,75.0,72,31,72,41,buy_yes
2026-08-21T06:37:34.539863+00:00,Chicago,KXHIGHCHI-26AUG21-T85,greater,85,77.0,1,2,99,0,none
2026-08-21T06:37:34.540023+00:00,Chicago,KXHIGHCHI-26AUG21-T78,less,78,77.0,61,2,99,59,buy_yes
2026-08-21T06:37:34.590306+00:00,Austin,KXHIGHAUS-26AUG21-T108,greater,108,105.0,20,1,,19,buy_yes
2026-08-21T06:37:34.590435+00:00,Austin,KXHIGHAUS-26AUG21-T101,less,101,105.0,13,2,99,11,buy_yes
2026-08-21T06:37:34.692511+00:00,Miami,KXHIGHMIA-26AUG21-T95,greater,95,90.0,8,2,99,6,buy_yes
2026-08-21T06:37:34.692653+00:00,Miami,KXHIGHMIA-26AUG21-T88,less,88,90.0,28,1,,27,buy_yes
2026-08-21T12:36:49.284448+00:00,New York,KXHIGHNY-26AUG21-T84,greater,84,74.0,0,1,,-1,none
2026-08-21T12:36:49.284642+00:00,New York,KXHIGHNY-26AUG21-T77,less,77,74.0,80,37,64,43,buy_yes
2026-08-21T12:36:49.366064+00:00,Chicago,KXHIGHCHI-26AUG21-T85,greater,85,77.0,1,1,,0,none
2026-08-21T12:36:49.366250+00:00,Chicago,KXHIGHCHI-26AUG21-T78,less,78,77.0,61,4,97,57,buy_yes
2026-08-21T12:36:49.465829+00:00,Austin,KXHIGHAUS-26AUG21-T108,greater,108,105.0,20,1,,19,buy_yes
2026-08-21T12:36:49.466035+00:00,Austin,KXHIGHAUS-26AUG21-T101,less,101,105.0,13,2,99,11,buy_yes
2026-08-21T12:36:49.674295+00:00,Miami,KXHIGHMIA-26AUG21-T95,greater,95,90.0,8,2,99,6,buy_yes
2026-08-21T12:36:49.674483+00:00,Miami,KXHIGHMIA-26AUG21-T88,less,88,90.0,28,1,,27,buy_yes
2026-08-21T18:29:04.804132+00:00,New York,KXHIGHNY-26AUG22-T80,greater,80,74.0,4,2,,2,none
2026-08-21T18:29:04.804369+00:00,New York,KXHIGHNY-26AUG22-T73,less,73,74.0,39,8,95,31,buy_yes
2026-08-21T18:29:04.804464+00:00,New York,KXHIGHNY-26AUG21-T84,greater,84,74.0,0,1,,-1,none
2026-08-21T18:29:04.804537+00:00,New York,KXHIGHNY-26AUG21-T77,less,77,74.0,80,1,,79,buy_yes
2026-08-21T18:29:04.853032+00:00,Chicago,KXHIGHCHI-26AUG22-T85,greater,85,77.0,1,2,99,0,none
2026-08-21T18:29:04.853178+00:00,Chicago,KXHIGHCHI-26AUG22-T78,less,78,77.0,61,4,97,57,buy_yes
2026-08-21T18:29:04.853303+00:00,Chicago,KXHIGHCHI-26AUG21-T85,greater,85,77.0,1,1,,0,none
2026-08-21T18:29:04.853391+00:00,Chicago,KXHIGHCHI-26AUG21-T78,less,78,77.0,61,49,53,12,buy_yes
2026-08-21T18:29:04.899861+00:00,Austin,KXHIGHAUS-26AUG22-T109,greater,109,105.0,13,2,99,11,buy_yes
2026-08-21T18:29:04.900000+00:00,Austin,KXHIGHAUS-26AUG22-T102,less,102,105.0,20,3,98,17,buy_yes
2026-08-21T18:29:04.900078+00:00,Austin,KXHIGHAUS-26AUG21-T108,greater,108,105.0,20,1,,19,buy_yes
2026-08-21T18:29:04.900142+00:00,Austin,KXHIGHAUS-26AUG21-T101,less,101,105.0,13,3,98,10,buy_yes
2026-08-21T18:29:04.947163+00:00,Miami,KXHIGHMIA-26AUG22-T95,greater,95,90.0,8,6,96,2,none
2026-08-21T18:29:04.947332+00:00,Miami,KXHIGHMIA-26AUG22-T88,less,88,90.0,28,1,,27,buy_yes
2026-08-21T18:29:04.947412+00:00,Miami,KXHIGHMIA-26AUG21-T95,greater,95,90.0,8,1,,7,buy_yes
2026-08-21T18:29:04.947476+00:00,Miami,KXHIGHMIA-26AUG21-T88,less,88,90.0,28,1,,27,buy_yes
